origin_station_id,origin_station_name,district,transaction_count
500103009,捷運圓山站(1號出口),中山區,400
500103033,圓山線形公園,中山區,58
500107001,通北街65巷口,中山區,68
500107005,培英公園,中山區,77
500107006,樂群二明水路口,中山區,53
500107007,北安大直街口,中山區,44
500107008,捷運劍南路站(2號出口),中山區,41
500107009,樂群二敬業三路口,中山區,97
500107010,樂群二敬業四路口,中山區,235
500107011,捷運大直站(3號出口),中山區,69
500107012,復興市民路口,中山區,69
500107013,南京遼寧街口,中山區,102
500107014,伊通長安路口,中山區,62
500107016,市民林森路口,中山區,68
500107017,南京新生路口,中山區,67
500107018,一江公園,中山區,46
500107020,新生長春路口,中山區,51
500107021,第二果菜批發市場,中山區,145
500107022,民生建國路口,中山區,42
500107023,興安華城,中山區,248
500107024,捷運中山國中站,中山區,216
500107025,龍江錦州街口,中山區,130
500107028,捷運松江南京站(7號出口),中山區,50
500107029,朱崙商場,中山區,106
500107030,中吉公園,中山區,57
500107033,江寧公園,中山區,100
500107034,民權龍江路口,中山區,95
500107036,捷運行天宮站(3號出口),中山區,87
500107037,林森農安街口,中山區,62
500107038,捷運中山國小站(4號出口),中山區,58
500107039,農安雙城街口,中山區,53
500107040,新生德惠街口,中山區,50
500107044,新生高架停車場(林森北路107巷口),中山區,58
500107045,南京林森路口,中山區,90
500107046,仁德公園,中山區,60
500107047,中原公園,中山區,75
500107048,下埤公園,中山區,86
500107049,五常國中,中山區,48
500107050,榮星花園,中山區,146
500107051,民權建國路口,中山區,47
500107053,新喜公園,中山區,74
500107054,吉林路407巷口,中山區,81
500107056,林安泰古厝,中山區,141
500107058,渭水八德路口,中山區,51
500107059,捷運中山站(2號出口),中山區,80
500107060,撫順公園,中山區,60
500107061,新生公園,中山區,77
500107062,捷運行天宮站(1號出口),中山區,43
500107063,林森長春路口,中山區,184
500107064,建國農安街口,中山區,43
500107069,中山農安街口,中山區,61
500107070,捷運行政大樓,中山區,42
500107071,中吉公園(松江路188巷),中山區,51
500107072,吉林路123巷口,中山區,50
500107076,錦州吉林路口,中山區,125
500107078,永盛公園(民生東路一段23巷),中山區,125
500107080,濱江街199巷口,中山區,280
500107082,濱江果菜市場,中山區,64
500107085,台泥大樓,中山區,53
500107087,新興公園,中山區,107
500107088,南京伊通街口,中山區,59
500107089,南京龍江路口,中山區,60
500107090,撫順街41巷(崇德宮前),中山區,41
500107091,臺北市立圖書館大直分館,中山區,73
500107093,捷運松江南京站(4號出口),中山區,41
500107095,中429公園,中山區,76
500107107,稻江高級護理家事職業學校,中山區,76
500107108,捷運大直站(3號出口)_1,中山區,41
500107110,民權吉林路口(南側),中山區,46
500107111,長春龍江路口,中山區,52
500107114,中山行政中心,中山區,113
500107117,濱江國小游泳池,中山區,77
500107119,中428公園,中山區,45
500107122,捷運南京復興站(1號出口),中山區,58
500107124,龍江朱崙街口,中山區,48
500107125,大直街94巷,中山區,49
500107128,林森德惠街口,中山區,86
500107133,樂群三路123號,中山區,49
500107134,長春路258巷2弄口,中山區,49
500107135,長寧大廈社區(南側),中山區,109
500107136,建國五常街口,中山區,60
500107141,建國北路高架橋下停車場G區,中山區,45
500107142,朱崙公園,中山區,61
500107143,朱崙復興北路口,中山區,87
500107144,捷運行天宮站(4號出口),中山區,84
500107146,正守公園,中山區,43
500107151,臺北市立大同高中,中山區,78
500107154,中正國小(南京東路三段48巷),中山區,44
500107156,吉林農安街口(西北側),中山區,46
500107158,環山抽水站,中山區,50
500107159,民權中山路口(東北側),中山區,50
500107161,松江長安路口,中山區,64
500107163,中山市場,中山區,64
500107164,捷運雙連站(1號出口),中山區,47
500107165,吉林南京路口(西北側),中山區,41
500107167,捷運劍南路站(3號出口),中山區,41
500107168,一江南京東路口(西南側),中山區,44
500107170,民權東路三段39巷口,中山區,78
500107172,朱昌公園,中山區,68
500107174,康樂公園西北側,中山區,89
500107175,中山北德惠街口,中山區,92
500107176,晴光公園,中山區,63
500107177,松江路25巷口,中山區,94
500107178,民生東合江街口,中山區,42
500107182,遼寧民生路口,中山區,54
500107184,民權東路三段60巷,中山區,84
500107188,上塔悠公園(明水路),中山區,45
500107189,中山民生東路口(東南側),中山區,69
500107190,中山北路二段26巷,中山區,49
500107192,長安林森路口公車站,中山區,42
500107194,德惠雙城街口(西側),中山區,56
500106002,汀州思源街口東南側,中正區,48
500106003,捷運公館站(1號出口),中正區,44
500106006,捷運古亭站(2號出口),中正區,121
500106007,捷運臺電大樓站(1號出口),中正區,129
500106008,客家文化主題公園,中正區,61
500106009,河堤國小,中正區,74
500106010,紀州庵,中正區,246
500106011,捷運臺電大樓站(5號出口),中正區,44
500106012,捷運臺電大樓站(4號出口),中正區,52
500106013,羅斯福三段金門街口,中正區,100
500106014,牯嶺公園,中正區,239
500106017,南昌公園,中正區,113
500106018,和平重慶路口,中正區,53
500106019,孫立人將軍官邸,中正區,99
500106020,羅斯福路二段6巷口,中正區,53
500106021,金華杭州南路口,中正區,80
500106022,捷運中正紀念堂站(3號出口),中正區,75
500106025,螢橋國小,中正區,72
500106026,古亭智慧圖書館,中正區,52
500106027,永昌公園,中正區,68
500106028,中華路二段409巷口,中正區,43
500106029,南機場夜市(中華路二段),中正區,174
500106037,水源路11_1號旁,中正區,49
500106038,南門國中,中正區,50
500106042,華山文創園區,中正區,45
500106048,信義杭州路口,中正區,122
500106051,延平南路133巷口,中正區,68
500106055,臺北市立大學(博愛校區),中正區,82
500106056,國家圖書館,中正區,52
500106058,聯合醫院和平院區,中正區,84
500106059,中山堂,中正區,79
500106060,中華漢口街口,中正區,43
500106062,捷運臺大醫院站(4號出口),中正區,73
500106063,寶藏巖觀音亭,中正區,72
500106064,師大水源路口,中正區,43
500106065,中山徐州路口,中正區,117
500106066,信義連雲街口,中正區,145
500106068,莒光大埔街口,中正區,42
500106069,捷運忠孝新生站(2號出口),中正區,56
500106070,光華商場,中正區,105
500106072,捷運中正紀念堂站(5號出口),中正區,47
500106073,北平東杭州北路口,中正區,42
500106074,王貫英先生紀念圖書館,中正區,73
500106075,金山信義路口,中正區,139
500106077,林森徐州路口,中正區,117
500106078,徐州杭州路口,中正區,54
500106080,捷運臺北車站(M2出口),中正區,62
500106084,捷運西門站(5號出口),中正區,46
500106088,紹興徐州路口,中正區,47
500106089,羅斯福寧波東街口,中正區,60
500106090,自來水園區,中正區,65
500106091,仁愛林森路口,中正區,52
500106094,杭州南路一段101巷口,中正區,50
500106095,仁愛杭州路口,中正區,44
500106096,龍興里活動中心,中正區,92
500106098,郵政博物館,中正區,43
500106100,北平紹興路口,中正區,44
500106102,捷運忠孝新生站(1號出口),中正區,48
500106105,臺大醫院兒童醫院,中正區,67
500106106,林森濟南路口(東北側),中正區,51
500106110,捷運善導寺站(3號出口)(忠孝東路側),中正區,60
500106112,忠孝西重慶南路口,中正區,66
500106113,濟南路二段8巷口,中正區,83
500106114,仁愛金山路口(東南側),中正區,61
500106116,重慶南詔安街口,中正區,91
500106117,文光公園,中正區,96
500106119,螢圃里小公園,中正區,61
500106120,螢橋公園,中正區,71
500106121,泉州寧波西街口,中正區,145
500106123,仁愛新生路口(西南側),中正區,89
500106126,捷運善導寺站(5號出口),中正區,44
500106127,青島杭州路口,中正區,48
500106128,詔安街37巷口,中正區,106
500106130,牯嶺街95巷,中正區,50
500106135,羅斯福路四段108巷口,中正區,45
500106136,公館水岸廣場,中正區,226
500110069,八德路四段652巷口,信義區,75
500111005,捷運後山埤站(1號出口),信義區,67
500112001,黎忠區民活動中心,信義區,125
500112002,基隆路二段159巷口,信義區,114
500112003,嘉興街175巷口,信義區,85
500112006,景勤二號公園,信義區,62
500112007,臺北醫學大學,信義區,97
500112008,三興公園,信義區,84
500112009,松德站,信義區,78
500112010,捷運象山站(2號出口),信義區,112
500112011,象山公園,信義區,99
500112012,松仁路253巷3弄,信義區,139
500112015,松德路200巷,信義區,142
500112016,中全公園,信義區,146
500112017,台北市災害應變中心,信義區,103
500112018,信義運動中心,信義區,55
500112019,捷運台北101/世貿站(3號出口),信義區,61
500112020,景新公園,信義區,57
500112022,三張犁,信義區,275
500112023,仁愛路四段496巷口,信義區,107
500112024,松山工農,信義區,78
500112025,松友公園,信義區,172
500112026,林口公園,信義區,179
500112027,松山家商,信義區,49
500112037,春光公園,信義區,161
500112039,福德國小,信義區,67
500112040,福德公園,信義區,168
500112043,興雅松仁路口,信義區,50
500112044,福祥公園,信義區,62
500112045,吳興公車總站,信義區,115
500112046,泰和公園,信義區,122
500112047,興雅國小(基隆路一段37巷),信義區,55
500112048,雅祥公園(松信路50巷口),信義區,75
500112049,松山車站,信義區,82
500112050,五常公園,信義區,94
500112051,永吉松信路口,信義區,159
500112052,三興國小,信義區,74
500112054,松山高中,信義區,165
500112055,基隆光復路口,信義區,66
500112056,基隆忠孝路口西南側,信義區,69
500112057,泰和里民活動中心,信義區,48
500112058,捷運後山埤站(2號出口),信義區,98
500112059,虎林永吉路口,信義區,133
500112060,永吉公園,信義區,193
500112061,永吉路321巷口,信義區,98
500112062,松山永吉路口,信義區,72
500112063,松山路292巷口,信義區,121
500112064,捷運象山站(3號出口),信義區,89
500112065,松德公園,信義區,83
500112067,松德虎林街口,信義區,92
500112068,富台公園,信義區,166
500112069,基隆路一段101巷口,信義區,74
500112070,捷運永春站(2號出口),信義區,321
500112071,吳興街260巷,信義區,164
500112072,松山家商(林口街),信義區,84
500112075,信義基隆路口,信義區,105
500112076,捷運台北101/世貿站(2號出口),信義區,56
500112078,吳興街284巷36弄口,信義區,46
500112080,福德國小公車站,信義區,84
500112081,松仁路95巷口,信義區,62
500112082,臺北南山廣場_1,信義區,53
500112083,景聯廣場,信義區,101
500112084,景平公園,信義區,60
500112085,捷運市政府站(3號出口),信義區,55
500112086,五分埔公園,信義區,48
500112089,忠孝東路五段215巷口,信義區,43
500112093,捷運市政府站(4號出口),信義區,136
500112094,吳興街284巷(廣安宮),信義區,116
500112098,永吉路468巷口,信義區,64
500112099,廣慈博愛園區(西側),信義區,292
500112101,革新公園,信義區,69
500112102,黎雙公園,信義區,103
500112104,捷運國父紀念館站(5號出口),信義區,46
500112105,光復南菸廠路口,信義區,43
500112109,松仁路253巷4弄口,信義區,81
500112110,松德路169巷口,信義區,167
500112113,永吉路187巷口,信義區,72
500112114,仁愛路四段512巷,信義區,53
500112115,信安街/富陽街44巷口,信義區,116
500112123,松山松隆路口,信義區,52
500112124,松智松平路口,信義區,41
500112127,永吉路120巷15弄口,信義區,73
500112129,松德路25巷口,信義區,66
500112132,六張犁社會住宅B基地,信義區,64
500108005,文湖國小,內湖區,54
500108006,文湖街81巷10號西側,內湖區,70
500108007,德明財經科技大學,內湖區,48
500108008,麗山國小,內湖區,96
500108009,麗山高中,內湖區,45
500108011,大湖國小,內湖區,62
500108015,文德三號公園(江南街71巷16弄),內湖區,67
500108020,捷運西湖站(1號出口),內湖區,49
500108023,港都公園,內湖區,130
500108025,成功金龍路口,內湖區,64
500108026,碧山公園,內湖區,44
500108027,金瑞公園,內湖區,116
500108030,文德二號公園(南側),內湖區,47
500108031,文德二號公園(北側),內湖區,87
500108033,湖光國宅,內湖區,150
500108038,成美長壽橋(潭美街),內湖區,45
500108044,南京東路六段368巷,內湖區,41
500108052,行善公園,內湖區,64
500108061,碧湖公園(內湖路二段103巷),內湖區,73
500108066,康寧路一段156巷20弄口,內湖區,41
500108067,安康公園,內湖區,158
500108068,安泰街83巷,內湖區,110
500108071,東湖國中,內湖區,45
500108076,行善路25巷口,內湖區,69
500108082,捷運內湖站(1號出口),內湖區,56
500108086,星雲街138巷1弄口,內湖區,54
500108088,東湖二號公園,內湖區,63
500108089,康湖二號公園(康寧醫院),內湖區,105
500108098,內湖運動中心,內湖區,46
500108099,九華公園,內湖區,45
500108128,捷運港墘站(1號出口),內湖區,91
500108135,康寧路三段189巷93弄口,內湖區,53
500108136,中國醫藥大學附設醫院臺北分院,內湖區,59
500108139,文德一號綠地,內湖區,51
500108165,東湖四號公園,內湖區,64
500108168,捷運西湖站(1號出口)內湖路側,內湖區,61
500108172,文德路220巷口,內湖區,56
500108174,捷運葫洲站(2號出口),內湖區,54
500108183,明湖國小(康寧路三段165巷23弄),內湖區,49
500108187,文德路66巷14弄,內湖區,55
500108188,捷運東湖站(3號出口),內湖區,52
500108204,國立臺灣戲曲學院(內湖校區),內湖區,82
500108207,成美疏散門,內湖區,44
500108212,內湖國小(內湖路一段737巷51弄),內湖區,41
500109001,承德路七段304巷口,北投區,56
500109002,洲美運動公園,北投區,70
500109003,榮華二明德路口,北投區,61
500109004,捷運明德站(1號出口),北投區,47
500109005,文林建民路口,北投區,45
500109007,關渡宮,北投區,266
500109008,關渡自然公園,北投區,59
500109009,關渡醫院,北投區,77
500109011,捷運關渡站(1號出口),北投區,145
500109019,國防大學政治作戰學院,北投區,64
500109023,捷運新北投站,北投區,46
500109025,捷運奇岩站(三合街),北投區,127
500109026,八仙里辦公處,北投區,41
500109027,清江國小,北投區,89
500109028,大業路300巷口,北投區,73
500109031,捷運唭哩岸站(2號出口),北投區,67
500109032,北投運動中心,北投區,254
500109033,陽明大學,北投區,71
500109034,捷運石牌站(2號出口),北投區,86
500109036,捷運石牌站(1號出口),北投區,42
500109037,振興醫院,北投區,67
500109039,石牌國小,北投區,42
500109041,立農國小,北投區,91
500109042,承德路七段280巷口,北投區,42
500109043,致遠一路二段11巷,北投區,63
500109044,榮富公園,北投區,58
500109050,復興公園,北投區,44
500109051,承德石牌路口,北投區,68
500109053,捷運明德站(3號出口),北投區,107
500109054,大豐公園,北投區,41
500109055,洲美公園,北投區,69
500109060,裕民二路33巷,北投區,52
500109063,奇岩4號綠地,北投區,70
500109064,臺北健康護理大學(教研大樓),北投區,73
500109065,奇岩一號公園,北投區,51
500109066,福星公園,北投區,70
500109068,豐年公園_1,北投區,97
500109070,光明溫泉路口,北投區,51
500109075,捷運北投站(1號出口),北投區,194
500109076,石牌立農街口,北投區,51
500109077,捷運唭哩岸站(1號出口),北投區,59
500109078,大興光明路2巷口,北投區,57
500109095,承德路七段401巷(洲美橋下),北投區,49
500109099,捷運石牌站(2號出口)(西安街一段),北投區,67
500109101,關渡碼頭,北投區,242
500109117,振華公園,北投區,57
500111001,南港公園(東新街),南港區,49
500111002,南港公園(福德街),南港區,64
500111003,捷運昆陽站(1號出口),南港區,80
500111004,忠孝東路六段225巷口,南港區,87
500111006,合樂公園,南港區,62
500111007,合心廣場,南港區,66
500111008,成德國中,南港區,95
500111009,玉成公園,南港區,70
500111011,中研院綜合體育館東側,南港區,65
500111013,捷運南港展覽館站(5號出口),南港區,54
500111014,中研公園,南港區,67
500111015,福山公園,南港區,93
500111016,舊莊區民活動中心,南港區,89
500111017,凌雲市場,南港區,47
500111018,市民大道八段532號,南港區,46
500111023,東陽公園,南港區,100
500111028,東新國小,南港區,58
500111029,中華科技大學,南港區,66
500111039,凌雲五村(研究院路三段8巷),南港區,52
500111041,南港高中(昆陽街),南港區,41
500111042,南港路三段290巷口,南港區,58
500111045,八德中坡路口,南港區,43
500111046,捷運後山埤站(3號出口),南港區,90
500111055,育成高中,南港區,43
500111060,小彎社會住宅,南港區,120
500111065,中坡市民路口(東北側),南港區,42
500111070,玉成公園(成福路178巷口),南港區,117
500111073,成福路197巷口,南港區,50
500111075,成德立體停車場,南港區,62
500111080,忠孝東路六段278巷口,南港區,100
500111086,東新街63巷口,南港區,41
500111091,興中重陽路口,南港區,42
500111095,玉成街(中坡北路50巷口),南港區,43
500111096,東明公園,南港區,82
500111098,南港花園社區A18,南港區,46
500111125,成功疏散門,南港區,46
500111127,重陽公園(興南街),南港區,41
500104001,劍潭抽水站,士林區,72
500104002,通河東街大南路口,士林區,53
500104003,福港街停車場,士林區,89
500104004,百齡國小,士林區,210
500104006,天和公園,士林區,47
500104007,中山天母路口,士林區,80
500104008,天母運動公園,士林區,90
500104009,臺北市立大學(天母校區),士林區,99
500104010,忠誠路二段53巷,士林區,49
500104014,蘭興公園,士林區,71
500104018,忠誠路一段173巷口,士林區,58
500104020,忠誠公園,士林區,66
500104021,芝山抽水站,士林區,62
500104023,華齡公園,士林區,153
500104024,前港公園(福德宮),士林區,59
500104025,華齡街185巷口,士林區,55
500104026,前港公園(前港街),士林區,103
500104031,劍潭基河路口,士林區,61
500104032,志成公園,士林區,57
500104033,福林國小,士林區,53
500104034,中山中正路口,士林區,44
500104035,士林運動中心,士林區,121
500104036,陽明高中,士林區,44
500104038,臺北市立天文館,士林區,120
500104039,華聲公園,士林區,135
500104041,捷運士林站(2號出口),士林區,63
500104043,士林高商,士林區,49
500104044,蘭雅公園,士林區,60
500104046,捷運芝山站(1號出口),士林區,59
500104049,通河東街2段10巷口,士林區,49
500104054,葫蘆國小,士林區,73
500104055,士林3號廣場,士林區,57
500104057,社子國小,士林區,57
500104059,忠誠路一段138號,士林區,50
500104060,社子公園,士林區,111
500104065,社子島島頭公園,士林區,119
500104071,聖山綠地,士林區,136
500104072,芝山國小,士林區,153
500104073,士林新天地,士林區,104
500104074,蘭雅國小,士林區,94
500104075,中正基河路口,士林區,85
500104078,市立圖書館葫蘆堵分館,士林區,46
500104081,雨農橋,士林區,58
500104082,通河街76巷/承德路四段10巷口,士林區,77
500104084,至誠雨聲街口,士林區,45
500104085,捷運線型公園(後街),士林區,148
500104088,文林福華路口,士林區,69
500104090,社子國小_1,士林區,65
500104091,捷運劍潭站(1號出口),士林區,46
500104095,葫蘆國小(延平北路五段285巷),士林區,56
500104098,承德劍潭路口,士林區,120
500104103,中山福國路口,士林區,50
500104105,承德後港街口,士林區,41
500104106,中山北路五段698巷口,士林區,64
500104107,捷運士林站(1號出口),士林區,118
500104108,捷運芝山站(2號出口)_1,士林區,93
500104110,海光公園南側,士林區,58
500104111,士商路40巷口,士林區,61
500104112,劍潭郵局,士林區,61
500104113,士東路91巷口,士林區,88
500104114,美崙公園,士林區,58
500104115,臺北市立大學(忠誠路二段207巷),士林區,101
500104116,天母東路8巷/忠誠路二段154巷口,士林區,92
500104117,美崙公園(東北側),士林區,41
500104119,忠誠忠義街口(北側),士林區,51
500104120,忠誠忠義街口(南側),士林區,65
500104121,士林國小,士林區,59
500104125,忠誠路二段178巷口,士林區,46
500104126,克強磺溪街口,士林區,68
500104128,蘭雅公園(西側),士林區,79
500104132,承德區民活動中心,士林區,95
500104135,中山北路六段405巷,士林區,46
500104140,士林分局,士林區,71
500104141,忠誠路二段98巷口,士林區,89
500103002,臺北市立圖書館大同分館,大同區,63
500103004,民族延平路口,大同區,179
500103005,重慶酒泉街口,大同區,127
500103008,臺北孔廟,大同區,64
500103012,重慶北路三段383巷口,大同區,59
500103013,台北數位產業園區,大同區,63
500103020,民權迪化街口,大同區,110
500103021,大稻埕公園,大同區,107
500103022,大龍老人住宅,大同區,48
500103023,大龍峒社會住宅,大同區,113
500103024,捷運大橋頭站(2號出口),大同區,41
500103025,捷運大橋頭站(1A出口),大同區,65
500103027,捷運雙連站(2號出口),大同區,150
500103028,捷運北門站(3號出口),大同區,139
500103029,朝陽公園,大同區,61
500103030,永樂市場,大同區,114
500103031,大龍公園,大同區,66
500103034,圓環站,大同區,131
500103035,重慶民族路口,大同區,133
500103036,承德路三段8巷口,大同區,43
500103037,太原廣場,大同區,132
500103038,國順公園,大同區,90
500103039,聯合醫院中興院區,大同區,53
500103040,蔣渭水紀念公園,大同區,140
500103042,大同運動中心,大同區,54
500103043,重慶保安街口(家樂福重慶店),大同區,79
500103044,大稻埕碼頭,大同區,1065
500103045,歸綏戲曲公園,大同區,112
500103048,南京太原路口,大同區,85
500103049,承德民生西路口,大同區,50
500103050,太原五原路口,大同區,114
500103051,臺北轉運站(華陰街),大同區,152
500103053,捷運中山站(5號出口),大同區,146
500103054,重慶長安路口,大同區,93
500103055,承德昌吉街口,大同區,79
500103058,樹德公園_1,大同區,142
500103059,承德鄭州路口(市民高架下),大同區,65
500103060,成淵高中,大同區,41
500103062,寧夏涼州街口,大同區,49
500103064,大同行政中心,大同區,96
500103065,大龍市場,大同區,103
500103066,南京西寧北路口(西北側),大同區,90
500103068,哈密街23巷19弄口,大同區,98
500103069,民權西路160巷口,大同區,88
500103070,重慶北路三段205巷口,大同區,55
500103071,承德路二段91巷口,大同區,67
500103073,民族西大龍街口,大同區,45
500103082,捷運民權西路站(1號出口),大同區,43
500103083,承德路三段301巷,大同區,58
500103085,大龍國小地下停車場,大同區,45
500101001,捷運科技大樓站,大安區,131
500101003,國北教大實小東側門,大安區,72
500101004,和平公園東側,大安區,98
500101005,辛亥復興路口西北側,大安區,64
500101008,新生南路三段52號前,大安區,61
500101010,新生南路三段82號前,大安區,67
500101012,辛亥路一段30號前,大安區,42
500101013,和平復興路口西北側,大安區,59
500101014,羅斯福路三段311號前,大安區,58
500101018,溫州公園,大安區,46
500101019,和平臥龍街口,大安區,108
500101022,捷運公館站(2號出口),大安區,141
500101023,第二學生活動中心,大安區,72
500101027,臺灣科技大學後門,大安區,232
500101031,臺大男七舍前,大安區,93
500101032,臺大男一舍前,大安區,119
500101033,臺大男六舍前,大安區,63
500101035,臺大土木研究大樓前,大安區,57
500101037,臺大國青大樓宿舍前,大安區,51
500101091,國北教大側門南側,大安區,95
500101092,和平實小東北側,大安區,53
500101094,辛亥泰順街口,大安區,71
500101099,嘉興公園,大安區,121
500101100,捷運麟光站(2號出口),大安區,67
500101101,捷運六張犁站,大安區,164
500101102,喬治工商,大安區,49
500101103,法治公園,大安區,108
500101105,和平金山路口,大安區,102
500101107,和平龍泉街口,大安區,155
500101108,和平泰順街口,大安區,105
500101109,臺灣師範大學(圖書館),大安區,128
500101110,捷運古亭站(6號出口),大安區,144
500101113,臺北市立圖書館(總館),大安區,269
500101115,建國和平路口西北側,大安區,75
500101116,金華公園,大安區,189
500101118,金甌女中,大安區,58
500101119,金杭公園,大安區,72
500101123,敦化基隆路口,大安區,52
500101124,安和路二段181巷口,大安區,148
500101125,臨江街夜市(通化街101巷口),大安區,110
500101126,臨江街夜市(基隆路),大安區,90
500101127,台北科技大學億光大樓,大安區,72
500101128,新生南路一段119巷口,大安區,64
500101129,幸安國小(仁愛路),大安區,135
500101130,民榮公園,大安區,101
500101131,復興南路1段340巷口,大安區,65
500101132,建國濟南路口,大安區,97
500101133,捷運忠孝復興站(2號出口),大安區,67
500101134,捷運大安站(4號出口),大安區,70
500101136,信義大安路口(信維大樓),大安區,46
500101137,龍門廣場,大安區,121
500101138,仁愛安和路口,大安區,91
500101139,信義敦化路口,大安區,244
500101141,捷運信義安和站(2號出口),大安區,88
500101144,捷運大安森林公園站(2號出口),大安區,115
500101145,信義延吉街口,大安區,78
500101146,光信公園(光復南路456巷),大安區,146
500101147,僑安地下停車場(2號出口)東南側,大安區,100
500101148,建國南路一段279巷口,大安區,160
500101150,捷運忠孝新生站(4號出口),大安區,52
500101151,大安高工,大安區,61
500101152,捷運忠孝新生站(3號出口),大安區,72
500101154,敦化市民路口,大安區,73
500101155,捷運大安森林公園站(5號出口),大安區,71
500101156,信義建國路口,大安區,116
500101157,東豐公園,大安區,74
500101158,德安公園(四維路66巷),大安區,128
500101159,捷運忠孝復興站(5號出口),大安區,59
500101160,捷運忠孝敦化站(2號出口),大安區,74
500101161,捷運忠孝敦化站(7號出口),大安區,56
500101163,瑞安街208巷,大安區,169
500101165,樂利路21巷口,大安區,90
500101166,捷運科技大樓站(台北教育大學),大安區,77
500101167,捷運國父紀念館站(2號出口),大安區,101
500101168,仁愛醫院,大安區,144
500101169,捷運信義安和站(4號出口),大安區,235
500101170,成功國宅,大安區,241
500101171,仁愛延吉街口,大安區,119
500101172,捷運信義安和站(1號出口),大安區,166
500101173,敦化南路二段103巷口,大安區,41
500101174,復興南路二段128巷口,大安區,171
500101177,復興南路一段126巷口,大安區,75
500101179,捷運東門站(5號出口),大安區,224
500101180,仁愛路四段48巷口,大安區,67
500101181,捷運公館站(3號出口),大安區,110
500101182,臺北科技大學(電機工程系),大安區,42
500101184,新生南路三段94巷口,大安區,56
500101185,辛亥新生路口西北側,大安區,73
500101186,捷運大安站(6號出口),大安區,65
500101187,臥龍街195巷口,大安區,48
500101190,敦親公園,大安區,158
500101191,大安運動中心,大安區,47
500101192,和平敦化路口,大安區,87
500101196,市民敦化路口,大安區,60
500101198,市民復興路口(東南側),大安區,84
500101199,和平新生路口西南側,大安區,121
500101200,全安公園,大安區,74
500101201,信義路三段134巷口,大安區,139
500101202,仁愛敦南圓環(東南側),大安區,46
500101204,外交部外交及國際事務學院,大安區,58
500101206,捷運大安站(3號出口),大安區,143
500101210,敦化南路二段81巷,大安區,53
500101211,原臺北刑務所官舍,大安區,73
500101212,捷運國父紀念館站(1號出口),大安區,122
500101213,懷生國中,大安區,42
500101214,仁愛敦南圓環(西北側),大安區,64
500101215,立人國小,大安區,100
500101216,和平東路二段18巷口,大安區,146
500101217,捷運大安站(5號出口),大安區,47
500101218,臨江公園,大安區,83
500101221,忠孝東路四段248巷口,大安區,88
500101222,仁愛延吉路口(西北側),大安區,98
500101223,樂利路101巷口,大安區,85
500101224,羅斯福浦城街口,大安區,41
500101225,敦化南路一段295巷口,大安區,85
500101226,通安區民活動中心,大安區,77
500101228,仁愛大安路口(東北側),大安區,78
500101229,臺灣師範大學(浦城街),大安區,125
500101230,安和路二段69巷口,大安區,55
500101231,大安國小,大安區,53
500101232,捷運古亭站(3號出口),大安區,142
500101233,捷運忠孝復興站(3號出口),大安區,42
500101235,光復南路420巷口,大安區,88
500101236,富陽臥龍街口,大安區,91
500101238,仁愛敦南圓環(東側),大安區,73
500101239,古風公園,大安區,69
500101240,和平東路二段76巷,大安區,116
500101241,敦化信義路口(東南側),大安區,48
500101242,和平東路三段308巷口,大安區,44
500101243,忠孝建國路口(東南側),大安區,68
500101244,浦城街26巷,大安區,79
500101246,忠孝東路三段216巷口,大安區,106
500101248,和平溫州街口,大安區,61
500101251,捷運忠孝復興站(1號出口),大安區,63
500101252,政大公企中心,大安區,92
500101253,大安路二段90巷口,大安區,96
500101254,師大附中運動中心,大安區,107
500101255,錦安區民活動中心,大安區,83
500101257,龍圖公園,大安區,77
500101258,新生南路二段54巷口,大安區,85
500101259,臺靜農人文會館,大安區,81
500101265,羅斯福路三段283巷,大安區,83
500110076,市民延吉街口,大安區,48
500112097,和平東路三段291號,大安區,47
500105001,台北花木批發市場,文山區,133
500105002,捷運萬隆站(4號出口),文山區,52
500105003,捷運萬隆站(1號出口),文山區,64
500105004,萬和二號公園,文山區,121
500105005,捷運萬隆站(2號出口),文山區,69
500105006,景仁公園,文山區,86
500105008,羅斯福景隆街口,文山區,80
500105009,景福街/羅斯福路6段142巷口,文山區,131
500105010,興旺公園,文山區,75
500105011,興福國中,文山區,58
500105012,興隆路2段203巷,文山區,49
500105013,景美運動公園,文山區,88
500105014,景美醫院,文山區,61
500105016,景華街128巷口,文山區,123
500105017,仙跡岩登山口(景興路),文山區,43
500105018,國立政治大學,文山區,94
500105019,捷運動物園站,文山區,64
500105020,捷運木柵站,文山區,64
500105022,文山運動中心,文山區,47
500105025,木柵光輝路口,文山區,41
500105029,一壽橋,文山區,95
500105030,臺北市立景美女中,文山區,59
500105031,永安藝文館_表演36房,文山區,81
500105032,忠順區民活動中心,文山區,85
500105033,景文中學,文山區,67
500105035,文山行政中心,文山區,54
500105037,興隆公共住宅D2區,文山區,62
500105038,木新路3段95巷口,文山區,82
500105040,實踐國中,文山區,41
500105043,木柵社會住宅,文山區,64
500105046,恆光橋(老泉街),文山區,42
500105047,萬有3號公園,文山區,69
500105050,辛亥生態公園,文山區,54
500105055,文山第二行政中心,文山區,67
500105059,木南公園,文山區,45
500105061,師範大學公館校區_1,文山區,80
500105063,政大水岸電梯,文山區,47
500105067,萬和三號公園(北側),文山區,105
500105068,景興國中,文山區,53
500105069,景仁公園_1,文山區,125
500105070,師大公館校區學二舍,文山區,171
500105071,景行公園,文山區,44
500105073,辛亥路四段77巷口,文山區,41
500105079,樟樹公園,文山區,62
500105081,興隆路二段203巷(敦南),文山區,65
500105083,光輝路134巷口,文山區,41
500105086,興隆路二段275巷1弄口,文山區,47
500105089,仙岩路22巷口,文山區,48
500105090,木柵萬芳路口,文山區,41
500105091,福興路78巷,文山區,51
500105095,興隆路二段22巷9弄口,文山區,42
500105098,景福街223巷,文山區,86
500105106,政大國際會館,文山區,45
500105109,景文街142巷口,文山區,149
500105116,景興路177巷,文山區,41
500110004,鵬程公園,松山區,88
500110005,中崙高中,松山區,114
500110006,捷運南京三民站(2號出口),松山區,106
500110007,捷運南京三民站(1號出口),松山區,131
500110008,光復北路11巷口,松山區,128
500110010,西松高中,松山區,50
500110011,民權復興路口,松山區,96
500110012,民福三號綠地,松山區,79
500110013,民有一號公園,松山區,243
500110014,民生敦化路口,松山區,43
500110015,松基公園,松山區,52
500110016,三民路166巷口,松山區,49
500110017,民生活動中心,松山區,171
500110019,臺北市藝文推廣處,松山區,70
500110020,民生國小(敦化北路199巷),松山區,123
500110021,敦北公園,松山區,49
500110022,民權運動公園,松山區,88
500110023,新東公園,松山區,180
500110024,民生光復路口,松山區,64
500110025,三民公園,松山區,74
500110026,八德路三段74巷口,松山區,57
500110027,八德路三段8巷口,松山區,52
500110028,三軍總醫院(松山分院),松山區,115
500110029,平安新城,松山區,97
500110030,健康社會住宅,松山區,87
500110032,市民東興路口,松山區,52
500110033,光復南路22巷口,松山區,118
500110034,光復南路46巷,松山區,67
500110035,松山新城,松山區,82
500110036,國土管理署,松山區,113
500110037,南京光復路口,松山區,129
500110038,民生立體停車場,松山區,77
500110039,健康新城,松山區,254
500110040,健安新城,松山區,101
500110041,復盛公園,松山區,121
500110042,中崙福成宮,松山區,110
500110043,捷運南京復興站(7號出口),松山區,82
500110044,捷運南京復興站(5號出口),松山區,110
500110045,塔悠疏散門,松山區,149
500110047,捷運小巨蛋站(5號出口),松山區,67
500110048,敦化長春路口,松山區,90
500110049,饒河疏散門(基四號疏散門),松山區,289
500110050,捷運松山站(2號出口),松山區,41
500110051,民權東路三段106巷口,松山區,58
500110052,南京東路五段59巷口,松山區,128
500110054,寶清公園,松山區,139
500110055,西松公園,松山區,41
500110056,長壽公園,松山區,113
500110057,復源公園,松山區,126
500110059,臺北田徑場(北寧路側),松山區,53
500110060,西松高中(健康路325巷),松山區,73
500110061,南京東興路口,松山區,81
500110062,捷運松山站(3號出口),松山區,58
500110063,介壽國中,松山區,132
500110064,敦化南京路口(東北側),松山區,64
500110065,敦化八德路口,松山區,100
500110066,新東街51巷口,松山區,75
500110074,民生復興路口,松山區,74
500110077,龍城市場,松山區,89
500110078,捷運南京三民站(3號出口),松山區,69
500110079,塔悠基隆路口(麥帥一橋下),松山區,52
500110080,五常街370巷,松山區,64
500110081,延壽街119巷口,松山區,91
500110082,市民東寧路口,松山區,47
500110084,三民國小(撫遠街),松山區,118
500110085,民生郵局,松山區,42
500110086,民權敦化路口(西北側),松山區,64
500110087,寶清八德路口(北側),松山區,102
500110088,民生東路三段140巷口,松山區,60
500110089,新東延壽街口,松山區,81
500110091,新中街4巷口,松山區,151
500110093,松山國小(東北側),松山區,52
500110095,基六號疏散門,松山區,48
500110098,中崙高中停車場,松山區,47
500110099,光復延壽街口(西北側),松山區,89
500110101,延壽街18巷口,松山區,71
500110102,民生東路四段97巷,松山區,56
500110103,民生東路五段177巷口,松山區,50
500110104,西松高中地下停車場,松山區,84
500110105,民生東路五段69巷,松山區,116
500119005,臺大水源舍區A棟,臺大專區,60
500119006,臺大卓越研究大樓,臺大專區,47
500119007,臺大水源修齊會館,臺大專區,63
500119009,臺大水源舍區B棟,臺大專區,120
500119043,臺大男八舍東側,臺大專區,74
500119045,臺大農業陳列館北側,臺大專區,110
500119049,臺大女九舍西南側,臺大專區,97
500119050,臺大小福樓東側,臺大專區,48
500119052,臺大工綜館南側,臺大專區,46
500119055,臺大樂學館東側,臺大專區,49
500119058,臺大舊體育館西側,臺大專區,46
500119066,臺大凝態館南側,臺大專區,41
500119067,臺大社科院西側,臺大專區,70
500119068,臺大社會系館南側,臺大專區,45
500119070,臺大椰林小舖,臺大專區,84
500119075,臺大第一活動中心西南側,臺大專區,128
500119079,臺大一號館,臺大專區,71
500119088,臺大黑森林西側,臺大專區,48
500119089,臺大獸醫館南側,臺大專區,42
500119090,臺大新體育館東南側,臺大專區,104
500113001,德昌寶興街口(西北角),萬華區,52
500113002,寶興長泰街口(西南角),萬華區,101
500113004,國興中華路口,萬華區,108
500113005,古亭國中,萬華區,105
500113006,國興水源路口,萬華區,63
500113007,青年公園高爾夫球場,萬華區,81
500113008,國興青年路口,萬華區,128
500113009,青年公園棒球場,萬華區,81
500113012,復華花園新城,萬華區,132
500113013,新和國小,萬華區,115
500113014,莒光郵局,萬華區,63
500113015,莒光立體停車場,萬華區,48
500113016,艋舺大道146巷口,萬華區,46
500113017,東園國小,萬華區,88
500113018,華中疏散門,萬華區,91
500113019,錦德公園,萬華區,158
500113020,忠德公園,萬華區,73
500113022,華江高中,萬華區,74
500113023,西園艋舺路口,萬華區,43
500113025,雙園國中,萬華區,108
500113026,長順區民活動中心,萬華區,92
500113027,萬華安居社會住宅A區,萬華區,119
500113029,環河南雙園街口,萬華區,49
500113033,萬華青年公宅,萬華區,103
500113034,開封西寧路口,萬華區,107
500113035,峨眉停車場,萬華區,95
500113036,長沙公園,萬華區,70
500113037,貓公園(中興橋頭),萬華區,65
500113038,西本願寺廣場,萬華區,171
500113039,中華桂林路口,萬華區,128
500113040,捷運龍山寺站(1號出口),萬華區,145
500113042,華西公園,萬華區,227
500113043,老松國小,萬華區,89
500113045,萬華火車站(D2廣場),萬華區,50
500113046,捷運龍山寺站(3號出口),萬華區,61
500113047,臺北市電影主題公園(峨眉街),萬華區,102
500113049,中華峨眉街口,萬華區,103
500113050,萬華266號綠地,萬華區,140
500113052,德昌街10巷口,萬華區,117
500113053,環河南和平西路口,萬華區,41
500113054,長順街60巷口,萬華區,45
500113055,西園公園,萬華區,85
500113056,華江污水廠,萬華區,50
500113057,柳鄉公園,萬華區,114
500113058,綠堤社區公園,萬華區,53
500113062,龍山國中,萬華區,42
500113063,洛陽停車場,萬華區,44
500113064,桂林昆明街口,萬華區,100
500113065,萬華國中_1,萬華區,62
500113066,青年公園3號出口,萬華區,103
500113069,莒光社會住宅,萬華區,141
500113071,萬大路493巷,萬華區,63
500113073,青年路152巷口,萬華區,91
500113075,萬大路424巷口,萬華區,72
500113077,長泰街52巷口,萬華區,75
500113078,水源青年路口,萬華區,251
500113079,青年公園4號出口,萬華區,97
500113080,祥安水岸景觀大廈,萬華區,59
500113083,綠堤公園(西北側),萬華區,47
500113085,艋舺雙園街口,萬華區,48
500113086,德昌街125巷口,萬華區,65
500113087,萬青街186號,萬華區,102
500113088,艋舺大道/西園路140巷口,萬華區,44
500113091,新和國小(中華路二段416巷),萬華區,77
500113095,萬華區公所(大理街),萬華區,56
500113097,萬華安居社會住宅B區,萬華區,41
500113098,青年公園(西藏路125巷口),萬華區,57
