sno,bike_avail_rate,dock_avail_rate,avg_fill_ratio
500101001,0.9386,0.9857,0.3107
500101002,0.8972,0.9723,0.3612
500101003,0.9811,0.9646,0.4242
500101004,0.95,0.8687,0.53
500101005,0.9662,0.9309,0.4742
500101006,0.9784,0.9699,0.3595
500101007,0.9117,0.8849,0.4844
500101008,0.9624,0.9419,0.4511
500101009,0.919,0.9162,0.3798
500101010,0.9332,0.9277,0.3853
500101012,0.9189,0.9327,0.4517
500101013,0.9483,0.8967,0.5359
500101014,0.9225,0.922,0.4531
500101015,0.966,0.9611,0.3839
500101016,0.8778,0.918,0.4335
500101018,0.9445,0.848,0.5685
500101019,0.9715,0.9439,0.519
500101021,0.7462,0.9126,0.3467
500101022,0.964,0.986,0.2841
500101023,0.9716,1.0,0.2572
500101024,0.9071,0.9704,0.2932
500101025,0.9987,0.9986,0.2273
500101026,0.9003,0.9691,0.4497
500101027,0.9433,0.9504,0.4636
500101028,0.9271,0.9357,0.4289
500101029,0.8927,0.9954,0.2914
500101030,0.9529,0.9578,0.4791
500101031,0.9103,0.8125,0.5415
500101032,0.9193,0.8575,0.4903
500101033,0.8729,0.8953,0.4225
500101034,0.8659,0.9298,0.379
500101035,0.9291,0.9808,0.3189
500101036,0.8987,0.9811,0.2447
500101037,0.9336,0.967,0.3453
500101038,0.8316,0.9756,0.2689
500101039,0.88,0.9706,0.3604
500101040,0.9683,0.9329,0.5054
500101041,0.9929,0.9955,0.4072
500101042,0.8382,0.7537,0.5186
500101091,0.9678,0.9493,0.492
500101092,0.9598,0.975,0.3928
500101093,0.875,0.9841,0.2627
500101094,0.9648,0.9704,0.49
500101095,0.9751,0.997,0.3375
500101097,0.9636,0.9979,0.4085
500101098,0.9782,1.0,0.3628
500101099,0.9626,0.9925,0.4857
500101100,0.9853,0.9999,0.3175
500101101,0.9888,0.9967,0.2774
500101102,0.9432,0.981,0.3931
500101103,0.959,0.9843,0.4109
500101104,0.8968,0.9576,0.3998
500101105,0.9915,1.0,0.1928
500101107,0.9867,0.9472,0.4553
500101108,0.9707,0.9119,0.4924
500101109,0.9777,0.9735,0.3768
500101110,0.9792,0.9989,0.323
500101113,0.9952,0.9841,0.5333
500101114,0.9919,0.9916,0.3681
500101115,0.9916,0.9897,0.4424
500101116,0.9863,0.9883,0.4855
500101118,0.9691,0.9724,0.4293
500101119,0.9619,0.9692,0.4182
500101120,0.987,1.0,0.3086
500101122,0.8709,0.9969,0.3551
500101123,0.9625,0.9709,0.3153
500101124,0.9754,0.996,0.3286
500101125,0.9563,0.973,0.3738
500101126,0.9358,0.9956,0.3205
500101127,0.9939,0.9926,0.3349
500101128,0.9971,1.0,0.3371
500101129,0.9956,0.9815,0.5269
500101130,0.9816,0.9482,0.5312
500101131,0.9609,0.9959,0.275
500101132,0.9704,0.9962,0.2484
500101133,0.9678,0.9834,0.4051
500101134,0.8551,0.9794,0.2254
500101135,0.9636,0.9981,0.2778
500101136,0.9396,0.9904,0.3276
500101137,0.9736,0.9916,0.4479
500101138,0.9611,0.9756,0.3303
500101139,0.9808,1.0,0.3489
500101140,0.9287,0.9874,0.305
500101141,0.9627,0.9855,0.4332
500101142,0.982,0.9882,0.4497
500101143,0.9661,0.9633,0.4323
500101144,0.9874,0.9845,0.4369
500101145,0.9618,0.969,0.4032
500101146,0.9754,0.989,0.4084
500101147,0.9425,0.9761,0.3721
500101148,0.9887,0.9968,0.4157
500101149,0.9334,1.0,0.2658
500101150,0.9356,1.0,0.2119
500101151,0.9254,0.9908,0.346
500101152,0.9497,0.9995,0.2442
500101153,0.9917,0.9401,0.5299
500101154,0.9666,0.9607,0.4687
500101155,0.9307,0.9844,0.362
500101156,0.9691,0.9926,0.4183
500101157,0.9654,0.9738,0.4746
500101158,0.9808,0.9734,0.4693
500101159,0.9203,0.9748,0.4471
500101160,0.9243,0.9072,0.483
500101161,0.8932,0.9364,0.4705
500101163,0.9479,0.9494,0.4801
500101165,0.9578,0.9653,0.4493
500101166,0.9928,0.999,0.426
500101167,0.9571,0.9916,0.3586
500101168,0.9468,0.9898,0.3077
500101169,0.9875,0.9957,0.3912
500101170,0.9893,0.9681,0.5268
500101171,0.9758,0.9773,0.4153
500101172,0.9776,0.9907,0.3939
500101173,0.9232,0.9841,0.3291
500101174,0.9924,0.9803,0.4536
500101175,0.9613,0.9536,0.4381
500101176,0.9632,0.9678,0.4975
500101177,0.9592,0.9478,0.482
500101179,0.9746,0.9586,0.4738
500101180,0.9627,0.9321,0.5266
500101181,0.9126,0.9733,0.4355
500101182,0.9298,0.994,0.2683
500101184,0.9019,0.9498,0.3523
500101185,0.9732,0.9657,0.4604
500101186,0.9579,0.9941,0.3583
500101187,0.9525,0.8584,0.5344
500101188,0.95,0.9956,0.3433
500101189,0.9417,0.9844,0.2962
500101190,0.9825,0.9232,0.4939
500101191,0.9063,0.9895,0.2511
500101192,0.9744,0.9974,0.3769
500101193,0.8482,0.8769,0.4114
500101194,0.901,0.9729,0.3345
500101196,0.9847,0.9895,0.3748
500101197,0.9349,0.9501,0.4046
500101198,0.9679,0.9606,0.4237
500101199,0.9772,0.9064,0.5477
500101200,0.9685,0.9753,0.4671
500101201,0.9509,0.996,0.2668
500101202,0.8951,0.9588,0.3527
500101203,1.0,0.9854,0.3354
500101204,0.9466,0.9858,0.36
500101205,0.9724,0.9694,0.3974
500101206,0.9579,0.9972,0.3385
500101207,0.934,0.9954,0.3522
500101208,0.9612,0.9823,0.411
500101209,0.9067,0.9757,0.2943
500101210,0.9764,0.984,0.3214
500101211,0.9762,0.9785,0.4464
500101212,0.9474,0.9696,0.3878
500101213,0.9859,0.9978,0.4116
500101214,0.9244,0.9746,0.3531
500101215,0.9665,0.9604,0.4878
500101216,0.9773,0.9333,0.4895
500101217,0.895,0.9728,0.3508
500101218,0.9192,0.9731,0.3955
500101219,0.9804,0.9363,0.4894
500101221,0.9616,0.9388,0.494
500101222,0.9857,0.9739,0.4393
500101223,0.922,0.9577,0.3961
500101224,0.9734,0.982,0.3955
500101225,0.9676,0.9757,0.4526
500101226,0.9555,0.9698,0.4092
500101227,0.9751,0.9685,0.508
500101228,0.9476,0.9618,0.4067
500101229,0.969,0.9314,0.5239
500101230,0.9676,0.963,0.5158
500101231,0.9176,0.8469,0.4446
500101232,0.9366,0.9637,0.3989
500101233,0.9517,0.9882,0.3266
500101234,0.9714,0.9735,0.4571
500101235,0.9577,0.9632,0.4909
500101236,0.9467,0.9564,0.4457
500101237,0.9397,0.9706,0.3325
500101238,0.9446,0.9765,0.3457
500101239,0.9616,0.8778,0.4875
500101240,0.9784,0.9646,0.439
500101241,0.9577,0.9901,0.3927
500101242,0.9264,0.9516,0.4499
500101243,0.9584,0.9849,0.4148
500101244,0.9637,0.8811,0.4902
500101245,1.0,0.9871,0.6082
500101246,0.9795,0.9994,0.4116
500101247,0.8665,0.99,0.3015
500101248,0.973,0.912,0.4876
500101250,0.9759,0.995,0.2502
500101251,0.9393,0.9836,0.397
500101252,0.9649,0.9274,0.4758
500101253,0.9347,0.9843,0.3678
500101254,0.9673,0.9862,0.3844
500101255,0.9859,0.9563,0.5635
500101256,0.982,0.9797,0.3803
500101257,0.9178,0.9596,0.4637
500101258,0.9875,0.9852,0.4263
500101259,0.9492,0.8288,0.579
500101260,0.985,0.9952,0.3364
500101261,0.9623,0.991,0.4248
500101262,0.9782,0.9926,0.3788
500101264,0.9341,0.9832,0.2891
500101265,0.9599,0.8856,0.509
500101266,0.8396,0.9751,0.311
500101267,0.9909,0.9879,0.4987
500101268,0.9566,0.9929,0.3339
500101269,0.9035,1.0,0.1187
500101270,0.9793,0.9231,0.5599
500101271,0.9641,0.9175,0.543
500101272,0.9672,0.9685,0.4414
500101273,0.9061,0.9874,0.3512
500101274,0.9897,0.9874,0.4606
500101276,0.9322,0.9604,0.4106
500103001,0.9932,0.9963,0.4585
500103002,0.9336,1.0,0.1773
500103003,0.9885,0.9635,0.5613
500103004,0.9727,0.9859,0.4166
500103005,0.9875,0.9981,0.3971
500103006,0.9279,0.961,0.4117
500103007,0.9762,0.9598,0.465
500103008,0.9598,0.9969,0.3452
500103009,0.9671,0.9992,0.2105
500103010,0.9839,1.0,0.3243
500103011,0.9585,0.9904,0.2837
500103012,0.9672,1.0,0.2821
500103013,0.9922,0.9943,0.4267
500103019,0.9089,0.9918,0.2722
500103020,0.9783,0.9945,0.3975
500103021,0.9862,0.9671,0.4707
500103022,0.9228,0.9848,0.3758
500103023,0.9622,0.9998,0.3253
500103024,0.9054,1.0,0.1648
500103025,0.9012,0.9995,0.1681
500103026,0.7792,0.9989,0.1144
500103027,1.0,1.0,0.2744
500103028,0.9775,1.0,0.223
500103029,0.9404,0.9174,0.5257
500103030,0.9882,0.9773,0.4327
500103031,0.9585,0.969,0.3928
500103032,0.9311,0.9901,0.3323
500103033,0.9499,1.0,0.1815
500103034,0.992,0.9818,0.4982
500103035,0.9479,0.9797,0.4492
500103036,0.9105,0.9986,0.2388
500103037,0.9821,0.9831,0.4373
500103038,0.9648,0.9714,0.4717
500103039,0.9799,0.9961,0.3116
500103040,0.9858,0.9961,0.342
500103041,0.9842,0.9997,0.2854
500103042,0.9541,0.978,0.3838
500103043,0.9319,0.99,0.3287
500103044,0.9959,0.9895,0.4057
500103045,0.9715,0.985,0.437
500103046,0.8894,1.0,0.2104
500103047,0.8758,0.9935,0.2036
500103048,0.9647,0.9997,0.3569
500103049,0.9538,0.9927,0.3289
500103050,0.9839,0.9927,0.4252
500103051,0.9414,0.9694,0.3877
500103052,0.8701,1.0,0.1227
500103053,0.935,0.9551,0.3776
500103054,0.9794,0.9729,0.4949
500103055,0.972,0.9876,0.4114
500103056,0.953,0.9402,0.4183
500103057,0.9122,0.9825,0.3645
500103058,0.9751,0.9857,0.3874
500103059,0.9776,0.9554,0.5179
500103060,0.9185,0.9989,0.2218
500103061,0.9522,0.9891,0.3944
500103062,0.9536,0.9772,0.4088
500103063,0.9595,0.9608,0.4552
500103064,0.9747,0.9692,0.5055
500103065,0.974,0.9319,0.5174
500103066,0.9745,0.9434,0.5224
500103068,0.9652,0.9642,0.4636
500103069,0.9445,0.9787,0.3902
500103070,0.9528,0.9682,0.4265
500103071,0.9346,0.9938,0.3081
500103072,0.9163,0.985,0.3266
500103073,0.9514,0.9659,0.462
500103074,0.9895,1.0,0.1954
500103075,0.9621,0.9991,0.3079
500103076,0.9989,0.9904,0.4444
500103077,0.9425,1.0,0.2631
500103078,0.947,0.9835,0.3549
500103079,0.9168,0.9895,0.3209
500103080,0.9553,0.9748,0.4645
500103081,0.9261,0.9536,0.476
500103082,0.9561,0.9927,0.301
500103083,0.9487,0.9975,0.3133
500103084,0.8815,0.992,0.279
500103085,0.9679,0.9756,0.4907
500103086,0.8963,0.9973,0.2393
500103087,0.9187,1.0,0.2916
500103088,0.961,1.0,0.2255
500103089,0.9753,0.9545,0.5256
500104001,0.9541,0.9654,0.388
500104002,0.9817,0.9889,0.4625
500104003,0.9439,0.9987,0.4239
500104004,0.977,0.9974,0.4585
500104005,0.9458,1.0,0.3038
500104006,0.9617,0.9745,0.4039
500104007,0.9688,0.992,0.4067
500104008,0.9613,0.9829,0.242
500104009,0.9903,0.9937,0.3746
500104010,0.9637,0.9741,0.3895
500104012,0.944,0.9613,0.3577
500104013,0.9613,0.9954,0.332
500104014,0.9692,1.0,0.3305
500104015,0.9563,0.9855,0.4088
500104016,0.9322,0.9937,0.3034
500104018,0.9519,0.952,0.4517
500104019,0.915,0.9883,0.4192
500104020,0.966,0.9961,0.3181
500104021,0.9526,1.0,0.4185
500104022,0.9821,0.9924,0.4146
500104023,0.9705,0.995,0.4678
500104024,0.9508,0.9998,0.4097
500104025,0.9319,0.9911,0.3853
500104026,0.9508,0.9995,0.3092
500104027,0.9727,0.996,0.3407
500104028,0.9251,1.0,0.1736
500104029,0.9651,0.9966,0.3232
500104030,0.9704,0.9894,0.3683
500104031,0.9561,0.9904,0.3234
500104032,0.9544,0.9931,0.4352
500104033,0.9507,0.9973,0.3999
500104034,0.9689,0.973,0.4344
500104035,0.9948,0.9848,0.511
500104036,0.986,1.0,0.2469
500104037,0.9742,0.9848,0.3712
500104038,0.9764,0.9986,0.3249
500104039,0.9975,0.9903,0.5075
500104040,0.9935,0.9726,0.4194
500104041,0.9227,0.9346,0.4374
500104042,0.9717,1.0,0.3596
500104043,0.9774,0.9984,0.3381
500104044,0.9677,0.9883,0.3604
500104045,0.9802,0.9984,0.3312
500104046,0.9348,0.9951,0.2092
500104047,0.9848,0.9893,0.4929
500104048,0.9662,0.9793,0.4173
500104050,0.9549,1.0,0.3508
500104051,0.9954,0.9888,0.4778
500104052,0.9927,0.9983,0.43
500104053,0.9868,0.99,0.4426
500104054,0.9882,0.9942,0.4498
500104055,0.9342,0.9829,0.3138
500104056,0.9871,0.9568,0.5251
500104057,0.9779,0.9757,0.4728
500104058,1.0,0.9988,0.4634
500104059,0.968,0.9849,0.4523
500104060,0.9853,0.9843,0.4509
500104061,0.9791,0.9914,0.3899
500104062,0.9771,0.9991,0.3535
500104063,0.9898,0.9941,0.464
500104064,0.9985,0.9972,0.439
500104065,0.9748,0.9976,0.3778
500104066,0.9893,1.0,0.3345
500104067,0.9999,0.9916,0.5534
500104068,0.9861,1.0,0.3964
500104069,1.0,0.9991,0.4458
500104070,0.9859,0.998,0.335
500104071,0.9425,0.8412,0.527
500104072,0.9878,0.992,0.5161
500104073,0.9798,0.9971,0.4395
500104074,1.0,0.9981,0.4538
500104075,0.995,0.9997,0.3193
500104076,0.9799,1.0,0.2336
500104077,0.9378,1.0,0.2116
500104078,0.994,0.9744,0.4908
500104079,0.9881,0.9889,0.4167
500104080,0.9896,0.9973,0.4705
500104081,0.943,0.9941,0.395
500104082,0.9296,0.9585,0.375
500104083,0.9898,0.9997,0.3673
500104084,0.9266,0.952,0.4721
500104085,0.9813,0.9927,0.4435
500104086,0.9669,0.995,0.4243
500104087,0.9734,0.9901,0.353
500104088,0.9791,1.0,0.3096
500104089,0.9494,1.0,0.2258
500104090,0.9969,1.0,0.4158
500104091,0.9502,1.0,0.2217
500104092,0.9713,0.9964,0.472
500104094,0.9908,0.9758,0.4976
500104095,0.9866,1.0,0.4362
500104096,0.9829,0.9803,0.4829
500104097,0.9683,0.9392,0.5126
500104098,0.9612,0.9869,0.3624
500104099,0.9827,0.9837,0.3965
500104100,0.9909,0.9444,0.5464
500104101,0.9901,0.9945,0.4788
500104102,0.9797,0.9833,0.4406
500104103,0.9475,0.9959,0.4136
500104104,0.8949,0.9714,0.3833
500104105,0.9765,0.9826,0.4513
500104106,0.9626,0.9836,0.4322
500104107,0.991,0.9942,0.3885
500104108,0.9483,0.9987,0.2468
500104109,0.9648,0.9986,0.3197
500104110,0.9856,0.9697,0.4839
500104111,0.9656,0.9797,0.4063
500104112,0.965,0.9797,0.4127
500104113,0.9524,0.9768,0.4258
500104114,0.9801,0.9892,0.3804
500104115,0.9497,0.9742,0.3658
500104116,0.9834,0.9965,0.4165
500104117,0.9925,0.997,0.4131
500104118,0.9933,0.9991,0.3826
500104119,0.9438,0.9735,0.4583
500104120,0.922,0.9926,0.3958
500104121,0.9813,0.9947,0.5315
500104122,0.9837,0.9915,0.3163
500104123,0.98,0.9978,0.3664
500104124,0.9697,0.9802,0.4539
500104125,0.9827,0.9835,0.4914
500104126,0.9733,0.9942,0.4571
500104128,0.9779,0.9557,0.4756
500104129,0.9858,1.0,0.3872
500104130,0.9864,0.9907,0.5071
500104131,0.993,0.9958,0.4306
500104132,0.9487,0.9968,0.4175
500104133,0.9784,0.9952,0.419
500104134,0.9919,1.0,0.3589
500104135,0.9778,0.9806,0.4826
500104136,0.9878,0.9981,0.3997
500104137,0.9722,0.9997,0.3463
500104138,0.9941,1.0,0.4022
500104139,0.9536,0.9461,0.4774
500104140,0.9796,0.9926,0.4157
500104141,0.9899,0.9745,0.4143
500104142,0.942,0.9637,0.3831
500104143,0.9785,0.9979,0.4373
500104144,0.9782,0.9736,0.5193
500104145,0.9701,1.0,0.319
500104146,0.9957,1.0,0.4124
500104147,0.9884,0.9998,0.4228
500104148,0.9557,0.9305,0.499
500104149,0.9746,0.9991,0.3752
500104150,1.0,0.9944,0.5621
500104151,0.9895,0.9939,0.5111
500104152,0.9629,1.0,0.3152
500104153,0.9705,0.993,0.4073
500104154,1.0,1.0,0.3381
500105001,0.9794,0.9826,0.4696
500105002,0.9589,0.9857,0.408
500105003,0.9876,0.9908,0.4087
500105004,0.986,0.9741,0.5027
500105005,0.8683,0.9551,0.3186
500105006,0.9722,0.9759,0.4694
500105007,0.9656,0.9993,0.2747
500105008,0.9834,1.0,0.335
500105009,0.9906,0.9722,0.5217
500105010,0.9393,0.9867,0.4447
500105011,0.9539,0.9756,0.481
500105012,0.9658,0.9891,0.4631
500105013,0.9518,0.9842,0.4785
500105014,0.9888,0.9847,0.4545
500105015,0.9387,0.9175,0.4992
500105016,0.9355,0.9226,0.4634
500105017,0.9405,0.9957,0.3225
500105018,1.0,0.9878,0.5117
500105019,0.9365,1.0,0.2404
500105020,0.9261,1.0,0.2313
500105021,0.926,1.0,0.136
500105022,0.9713,0.9988,0.288
500105023,0.8497,0.9955,0.2462
500105024,0.9776,0.9934,0.3567
500105025,0.9982,0.9994,0.4919
500105026,0.9638,0.9991,0.3587
500105027,0.9515,0.9807,0.4556
500105028,0.9409,0.9997,0.2626
500105029,0.9922,0.9953,0.4561
500105030,0.9703,0.9987,0.3771
500105031,0.9814,0.9977,0.3893
500105032,0.9854,0.9998,0.3402
500105033,0.9373,1.0,0.1267
500105034,0.9376,0.9933,0.3159
500105035,0.9851,0.9978,0.4015
500105036,0.9204,1.0,0.204
500105037,0.9737,1.0,0.2262
500105038,0.9821,0.9973,0.4029
500105039,0.9728,0.987,0.4274
500105040,0.9575,0.9899,0.4152
500105041,0.9776,0.9185,0.4555
500105042,0.9919,1.0,0.2697
500105043,0.9635,0.9726,0.4284
500105044,0.9655,1.0,0.2233
500105045,0.9428,1.0,0.1947
500105046,0.9082,0.9919,0.3784
500105047,0.9367,0.9674,0.4561
500105048,0.9039,0.9737,0.3638
500105049,0.9866,0.9989,0.4797
500105050,0.9589,0.9909,0.406
500105051,0.9546,0.9975,0.3068
500105053,0.9549,0.9808,0.4537
500105054,0.9263,0.9983,0.3199
500105055,0.9888,0.997,0.4161
500105056,0.9619,0.9694,0.4442
500105057,0.9518,0.9831,0.4426
500105058,0.9733,1.0,0.1365
500105059,0.9606,0.9977,0.3428
500105060,0.9699,0.9942,0.4438
500105061,0.966,0.9724,0.4063
500105063,0.9606,0.9659,0.4776
500105064,0.9472,0.9691,0.4082
500105066,0.8997,0.9561,0.333
500105067,0.9864,0.9845,0.5205
500105068,0.9201,0.9589,0.4476
500105069,0.9827,0.9933,0.4513
500105070,0.9355,0.9532,0.3863
500105071,0.8654,0.9623,0.3685
500105072,0.9986,0.9971,0.4877
500105073,0.9519,0.9834,0.4278
500105074,0.9925,0.9685,0.4024
500105075,0.9652,0.9916,0.3797
500105076,0.9777,0.9942,0.4961
500105077,0.9566,0.9811,0.4612
500105079,0.9844,0.9683,0.5147
500105080,0.9182,1.0,0.314
500105081,0.9661,0.9895,0.4945
500105082,0.9809,0.9677,0.5045
500105083,0.9934,0.9824,0.5032
500105084,0.9983,1.0,0.4608
500105085,0.9525,0.9531,0.5041
500105086,0.9404,1.0,0.402
500105087,0.9875,0.9833,0.4344
500105088,0.9842,0.9986,0.4506
500105089,0.9596,0.989,0.4214
500105090,0.957,0.9918,0.2931
500105091,0.9377,0.9861,0.4153
500105092,0.9876,0.9841,0.484
500105093,0.93,0.9982,0.282
500105094,0.9747,0.9895,0.408
500105095,0.9527,0.9783,0.4342
500105096,0.9814,0.9807,0.439
500105097,0.9552,0.9958,0.322
500105098,0.9742,0.9905,0.4854
500105100,0.991,0.998,0.3204
500105101,0.9077,0.9978,0.2768
500105102,0.978,0.9897,0.4785
500105103,0.9695,1.0,0.2133
500105104,0.9213,1.0,0.2957
500105106,0.989,0.9931,0.5325
500105107,0.9708,1.0,0.3901
500105108,0.9583,0.997,0.2773
500105109,0.9705,1.0,0.4114
500105110,0.9838,1.0,0.3682
500105111,0.9737,0.9771,0.4928
500105112,0.9634,1.0,0.2554
500105113,0.9883,0.9842,0.4325
500105114,0.9397,1.0,0.1398
500105115,0.9655,1.0,0.2077
500105116,0.8876,0.9915,0.3084
500105117,0.9309,0.9946,0.3154
500105118,0.9999,1.0,0.5608
500105119,0.9868,1.0,0.2821
500105120,0.981,1.0,0.2829
500105121,0.9678,0.9829,0.4388
500105122,0.9901,0.9978,0.4411
500105123,0.9247,1.0,0.1741
500105124,0.9769,0.9794,0.4724
500105125,0.9714,0.9918,0.3876
500105126,0.9133,0.9106,0.4082
500106001,0.8972,0.986,0.3283
500106003,0.8572,0.9247,0.3515
500106004,0.9239,0.8923,0.4354
500106005,0.9233,0.974,0.3206
500106006,0.9303,0.9981,0.2055
500106007,0.9599,0.9984,0.3149
500106008,0.9821,0.9858,0.3592
500106009,0.9564,0.9938,0.3768
500106010,0.9682,0.9882,0.4333
500106011,0.9206,0.9879,0.3462
500106012,0.9466,0.9516,0.4738
500106013,0.958,0.9239,0.5099
500106014,0.969,0.9953,0.3975
500106015,0.8857,0.9804,0.2829
500106016,0.905,0.9768,0.3773
500106017,0.9653,0.9946,0.2732
500106018,0.969,1.0,0.3475
500106019,0.9862,0.9732,0.4347
500106020,0.9682,0.9941,0.3067
500106021,0.9766,1.0,0.3065
500106022,0.9468,0.9945,0.2602
500106023,0.9341,0.9897,0.3227
500106025,0.9735,0.9873,0.4476
500106026,0.9706,0.9819,0.4471
500106027,0.9492,0.9936,0.3662
500106028,0.9772,0.9816,0.452
500106029,0.9817,0.9634,0.4937
500106030,0.8949,0.979,0.2979
500106031,0.9558,0.9905,0.398
500106037,0.9839,0.9897,0.4953
500106038,0.9673,0.994,0.3949
500106039,0.9641,0.9713,0.4585
500106040,0.9429,0.9942,0.3477
500106041,0.9715,0.9712,0.4589
500106042,0.9752,0.9831,0.2941
500106043,0.9916,1.0,0.256
500106044,0.9758,1.0,0.2144
500106046,0.9048,0.9586,0.3586
500106047,0.971,0.9811,0.3576
500106048,0.968,0.9916,0.2692
500106049,0.9171,0.9881,0.3191
500106050,0.9668,0.9981,0.3807
500106051,0.9596,0.9891,0.3136
500106052,0.9204,0.9808,0.3862
500106053,0.9847,0.9803,0.4011
500106054,0.9481,0.9913,0.3121
500106055,0.9695,0.9973,0.2564
500106056,0.9394,0.9905,0.3338
500106057,0.9995,0.999,0.2242
500106058,0.9667,0.9974,0.319
500106059,0.9723,0.9883,0.3963
500106060,0.9545,0.9738,0.3928
500106061,0.9617,0.9819,0.415
500106062,0.9537,0.9729,0.4044
500106063,0.9741,0.985,0.3767
500106064,0.9836,0.9951,0.4374
500106065,0.938,0.9789,0.2833
500106066,0.9849,0.9454,0.5375
500106067,0.9811,0.9897,0.4084
500106068,0.9597,0.9961,0.3933
500106069,0.9365,0.9992,0.2945
500106070,0.9401,0.9889,0.2992
500106071,0.9471,0.9789,0.3655
500106072,0.882,0.9977,0.2019
500106073,0.9472,0.9696,0.4009
500106074,0.9397,0.8553,0.5355
500106075,0.9741,0.9553,0.4959
500106077,0.9708,0.9651,0.4283
500106078,0.979,0.9961,0.395
500106079,0.9437,0.9902,0.3555
500106080,0.915,0.9706,0.3942
500106083,0.9502,0.9746,0.3965
500106084,0.9333,0.9859,0.3578
500106085,0.9214,0.9884,0.2777
500106086,0.9337,0.9928,0.3574
500106087,0.9722,0.9346,0.5161
500106088,0.9755,0.9523,0.4973
500106089,0.9662,0.9889,0.3363
500106090,0.9053,0.9897,0.2724
500106091,0.942,0.9954,0.283
500106092,0.9289,0.9782,0.3458
500106093,0.9271,0.8642,0.5316
500106094,0.9394,0.9219,0.4875
500106095,0.9615,0.978,0.4252
500106096,0.9646,0.9823,0.4434
500106097,0.9795,0.9886,0.3879
500106098,0.9621,0.977,0.385
500106099,0.9267,0.997,0.3141
500106100,0.9616,0.9962,0.327
500106101,0.9656,0.9952,0.4041
500106102,0.9223,0.9946,0.2892
500106103,0.9109,0.9825,0.3185
500106104,0.9241,0.9677,0.346
500106105,0.9636,0.9572,0.4109
500106106,0.96,0.9806,0.3799
500106107,0.9217,0.9743,0.3468
500106108,0.9669,0.9609,0.4644
500106109,0.9672,0.9909,0.3618
500106110,0.9261,0.9939,0.2698
500106111,0.9107,0.9808,0.3639
500106112,0.9639,0.9702,0.4407
500106113,0.9726,0.9323,0.5562
500106114,0.9456,0.9033,0.5256
500106115,0.9707,0.9937,0.3624
500106116,0.957,0.9559,0.4533
500106117,0.9833,0.9649,0.4717
500106118,0.9293,0.9685,0.379
500106119,0.9364,0.9651,0.3773
500106120,0.9523,0.9645,0.3986
500106121,0.9694,0.9869,0.349
500106122,0.9614,0.9782,0.4011
500106123,0.9602,0.9806,0.4084
500106124,0.9796,0.9491,0.5215
500106125,0.9575,0.9478,0.4106
500106126,0.9768,0.9844,0.3394
500106127,0.9763,0.9744,0.414
500106128,0.9732,0.9712,0.4851
500106129,0.9943,0.9999,0.5051
500106130,0.9416,0.9636,0.4395
500106131,0.952,0.9852,0.3437
500106132,0.9679,0.9885,0.2855
500106133,0.9459,0.9905,0.3566
500106134,0.9847,0.998,0.4597
500106135,0.8976,0.9701,0.2998
500106136,0.9366,0.9787,0.3159
500106137,0.8952,0.9931,0.2815
500106138,0.9806,0.9948,0.3189
500106142,0.907,0.9914,0.2944
500106143,0.9709,0.9482,0.4902
500106144,0.8881,0.9602,0.3529
500106145,0.9924,0.9902,0.4163
500106146,0.905,0.9935,0.2986
500106147,0.9614,0.9859,0.3893
500106149,0.9915,0.9642,0.5073
500106150,0.9962,0.9873,0.437
500107001,0.9739,0.9872,0.4401
500107002,0.9574,0.9771,0.3875
500107003,0.9864,0.9977,0.3134
500107004,0.9579,0.9991,0.4945
500107005,0.972,0.9994,0.3037
500107006,0.9399,0.9977,0.3434
500107007,0.9919,1.0,0.2511
500107008,0.9135,0.9907,0.2542
500107009,0.944,0.999,0.4382
500107010,0.9805,0.9892,0.4831
500107011,0.9404,0.9987,0.2613
500107012,0.9747,0.9758,0.3644
500107013,0.9401,0.998,0.3094
500107014,0.9801,0.9641,0.4065
500107015,0.9806,1.0,0.3739
500107016,0.9958,1.0,0.346
500107017,0.987,0.9908,0.3893
500107018,0.965,0.9981,0.2671
500107019,0.9475,0.9995,0.2224
500107020,0.9574,0.9911,0.4018
500107021,0.9417,0.9863,0.3471
500107022,0.9709,0.9952,0.2864
500107023,0.9935,0.9859,0.4966
500107024,0.962,0.9916,0.2905
500107025,0.9584,0.939,0.5039
500107026,0.9581,0.9902,0.2967
500107027,0.9808,0.9889,0.3944
500107028,0.9439,0.9986,0.3006
500107029,0.9874,0.9847,0.4502
500107030,0.9625,0.9992,0.2849
500107031,0.9687,0.9936,0.4849
500107032,0.9875,1.0,0.2678
500107033,0.9807,0.9483,0.481
500107034,0.9826,0.9976,0.3393
500107035,0.9528,1.0,0.1241
500107036,0.9565,0.9957,0.271
500107037,0.9609,0.9815,0.3769
500107038,0.8994,0.9902,0.2515
500107039,0.9494,0.9723,0.4259
500107040,0.9381,0.9885,0.3401
500107041,0.9754,1.0,0.2425
500107042,0.8366,1.0,0.2127
500107043,0.8734,0.9544,0.3823
500107044,0.9568,0.9524,0.5015
500107045,0.9822,0.964,0.4879
500107046,0.974,0.9887,0.4693
500107047,0.9678,0.9742,0.4737
500107048,0.9734,0.9572,0.479
500107049,0.9949,0.9812,0.4257
500107050,0.955,0.9776,0.4367
500107051,0.9633,1.0,0.2162
500107052,0.9684,0.9812,0.4568
500107053,0.9568,0.9341,0.4345
500107054,0.9457,0.9312,0.4724
500107055,0.9664,0.9948,0.3369
500107056,0.9879,0.9969,0.3622
500107058,0.9913,0.982,0.4653
500107059,0.9396,0.983,0.3842
500107060,0.9674,0.9853,0.3076
500107061,0.9863,0.9937,0.4001
500107062,0.9744,1.0,0.2583
500107063,0.9673,0.9713,0.3942
500107064,0.9876,1.0,0.2521
500107065,0.8894,0.974,0.3331
500107066,0.9587,0.9824,0.3703
500107067,0.947,0.9953,0.2798
500107068,0.9622,0.9999,0.2824
500107069,0.9486,0.9892,0.2971
500107070,0.9421,0.9556,0.4157
500107071,0.9492,1.0,0.3205
500107072,0.9811,0.9882,0.4575
500107075,0.9801,0.9982,0.2865
500107076,0.971,0.9848,0.4532
500107078,0.9603,0.9838,0.3897
500107079,0.9642,0.9963,0.3888
500107080,0.972,0.9831,0.3863
500107081,0.9881,0.9936,0.4174
500107082,0.9596,0.9813,0.3708
500107083,0.9259,0.9483,0.4316
500107084,0.9332,0.9322,0.4893
500107085,0.9659,0.9795,0.333
500107086,0.947,0.9468,0.4408
500107087,0.971,0.9962,0.3824
500107088,0.9347,0.9809,0.4032
500107089,0.9511,0.9608,0.4268
500107090,0.9734,0.9882,0.4161
500107091,0.9726,0.9907,0.4102
500107092,0.9599,0.9807,0.4227
500107093,0.9794,1.0,0.273
500107095,0.9794,0.9984,0.3202
500107096,0.9778,0.9978,0.3594
500107097,0.9215,0.995,0.296
500107098,0.9184,0.996,0.315
500107099,0.9619,0.959,0.4815
500107100,0.9582,0.9819,0.4229
500107101,0.929,0.999,0.2608
500107102,0.8816,0.9941,0.2857
500107103,0.8951,0.993,0.3104
500107104,0.9707,0.9818,0.4201
500107105,0.8444,0.9892,0.2609
500107106,0.9156,0.9756,0.3835
500107107,0.9669,0.95,0.4673
500107108,0.9271,0.9969,0.2554
500107109,0.9596,1.0,0.2304
500107110,0.9786,0.9989,0.2907
500107111,0.9668,0.9999,0.355
500107112,0.9252,0.9997,0.2739
500107113,0.915,0.9987,0.2142
500107114,0.9838,0.9929,0.3797
500107115,0.9295,0.9978,0.2309
500107116,0.9913,1.0,0.4199
500107117,0.9593,0.9899,0.4009
500107118,0.9349,0.9803,0.3779
500107119,0.9881,1.0,0.3211
500107120,0.9744,0.9825,0.3581
500107121,0.9662,0.9883,0.3736
500107122,0.8956,0.9597,0.346
500107123,0.9563,1.0,0.2784
500107124,0.9558,0.9653,0.4543
500107125,0.9565,0.8857,0.5174
500107126,0.9176,0.9901,0.3289
500107127,0.9694,0.9733,0.4084
500107128,0.9531,0.9398,0.4521
500107129,0.9752,0.9953,0.3424
500107130,0.9705,1.0,0.3371
500107131,0.9509,0.9818,0.374
500107132,0.9783,0.951,0.4892
500107133,0.9961,0.9975,0.4031
500107134,0.9406,0.9774,0.4374
500107135,0.9539,1.0,0.2347
500107136,0.9468,0.9741,0.4674
500107137,0.8958,0.9587,0.3488
500107138,0.9797,1.0,0.283
500107139,0.988,0.9854,0.4277
500107140,0.9137,0.9372,0.4235
500107141,0.9751,0.9892,0.3991
500107142,0.9814,0.9686,0.4551
500107143,0.9241,0.9662,0.3523
500107144,0.9634,0.9939,0.3598
500107145,0.9753,0.9962,0.4485
500107146,0.9814,0.9538,0.5455
500107147,0.9139,0.996,0.2924
500107149,0.9389,0.9981,0.2794
500107150,0.9135,0.9694,0.34
500107151,0.9659,0.9997,0.3084
500107152,0.9937,0.9895,0.4073
500107153,0.9606,0.9952,0.4349
500107154,0.9667,0.9589,0.4368
500107155,0.9811,0.9881,0.352
500107156,0.9427,0.9465,0.421
500107157,0.9671,0.9995,0.247
500107158,0.9765,1.0,0.3294
500107159,0.9457,0.989,0.3114
500107160,0.9668,0.9901,0.4163
500107161,0.98,0.9875,0.3746
500107162,0.9788,0.9987,0.3579
500107163,0.9588,0.9452,0.4721
500107164,0.932,0.9949,0.3144
500107165,0.9538,0.9943,0.3772
500107166,0.9584,0.9888,0.4684
500107167,0.9083,0.9949,0.2463
500107168,0.9742,0.9941,0.3262
500107169,0.9889,0.9999,0.4233
500107170,0.9777,0.9412,0.4498
500107171,0.9784,0.9986,0.3072
500107172,0.931,0.94,0.4547
500107173,0.9812,0.968,0.4682
500107174,0.9719,0.9608,0.434
500107175,0.9359,0.9576,0.4302
500107176,0.9673,0.9861,0.3951
500107177,0.9761,1.0,0.308
500107178,0.9675,0.963,0.4897
500107179,1.0,0.9892,0.4674
500107180,0.9679,0.9883,0.4004
500107181,0.973,0.9935,0.383
500107182,0.9615,1.0,0.282
500107183,0.936,0.9981,0.2912
500107184,0.9817,0.9802,0.4388
500107185,0.9182,0.9946,0.3046
500107186,0.9024,0.9919,0.3355
500107187,0.9792,0.9832,0.4395
500107188,0.9876,0.9991,0.433
500107189,0.9581,0.9781,0.3967
500107190,0.9761,0.9957,0.2715
500107191,0.9656,0.9916,0.3746
500107192,0.9839,0.972,0.5383
500107193,0.9834,1.0,0.2737
500107194,0.9533,0.9717,0.4831
500107195,0.9899,0.9937,0.4749
500107196,0.9542,1.0,0.2734
500107197,0.9575,0.9705,0.4149
500107198,0.9952,0.999,0.3847
500107199,0.9687,0.9876,0.4274
500107200,0.9473,0.9761,0.412
500107201,0.9749,0.9962,0.3582
500107202,0.9706,0.9958,0.307
500107203,0.9577,0.9984,0.4078
500107204,0.9925,0.9956,0.4115
500107205,0.9056,0.9612,0.3261
500107206,0.9562,0.9973,0.3353
500108001,0.9518,0.9971,0.431
500108002,0.9896,1.0,0.3373
500108003,0.9625,0.9989,0.2672
500108004,0.9512,1.0,0.3103
500108005,0.9606,1.0,0.3512
500108006,0.9213,0.9964,0.3446
500108007,0.9602,0.9993,0.2916
500108008,0.9895,1.0,0.2633
500108009,0.9722,1.0,0.2292
500108010,0.9393,0.9924,0.3746
500108011,0.9207,0.9969,0.402
500108012,0.945,0.9928,0.3495
500108013,0.9493,0.9971,0.4176
500108014,0.9358,0.9879,0.3608
500108015,0.9223,0.9701,0.3781
500108016,0.9551,1.0,0.1813
500108018,0.9604,0.9902,0.3729
500108019,0.9764,0.9989,0.3312
500108020,0.921,0.9828,0.3376
500108021,0.9295,0.9975,0.3179
500108022,0.9603,0.9978,0.3108
500108023,0.9388,0.9863,0.4139
500108024,0.9588,0.9986,0.4277
500108025,0.9035,0.999,0.2855
500108026,0.9136,0.9986,0.3696
500108027,0.95,0.9986,0.381
500108028,0.9318,0.9957,0.28
500108029,0.9502,0.9988,0.3611
500108030,0.9483,0.9881,0.4134
500108031,0.9525,0.9675,0.4291
500108032,0.9077,0.9754,0.376
500108033,0.9736,0.9992,0.4044
500108035,0.9776,0.9926,0.4729
500108036,1.0,1.0,0.44
500108037,0.9596,0.9613,0.4647
500108038,0.9827,0.9773,0.4807
500108039,0.977,0.9882,0.3698
500108040,0.9801,0.9941,0.3845
500108041,0.9594,0.963,0.3574
500108043,1.0,1.0,0.3267
500108044,0.9887,0.9906,0.3148
500108045,0.9909,1.0,0.3643
500108046,1.0,1.0,0.4317
500108047,0.9583,0.9989,0.306
500108048,1.0,1.0,0.4102
500108049,0.9992,1.0,0.4479
500108050,0.9496,0.9519,0.4445
500108051,1.0,1.0,0.4373
500108052,0.9818,0.9956,0.3652
500108054,0.9987,0.9988,0.3483
500108055,0.9989,1.0,0.3559
500108056,0.98,1.0,0.4179
500108057,0.9614,0.9866,0.4031
500108058,1.0,1.0,0.3696
500108059,0.9985,1.0,0.4658
500108060,0.9575,1.0,0.2971
500108061,1.0,0.9956,0.3718
500108062,0.9735,0.9977,0.4249
500108063,0.9203,0.9829,0.3654
500108064,0.892,0.9093,0.4294
500108065,0.9842,1.0,0.348
500108066,0.9787,0.998,0.3838
500108067,0.98,0.9997,0.3707
500108068,0.9874,0.9047,0.5146
500108069,0.9819,1.0,0.3718
500108070,0.9419,0.9965,0.3863
500108071,0.9737,0.9992,0.3078
500108072,0.9757,0.9966,0.381
500108073,0.9639,0.9853,0.3573
500108074,0.9859,1.0,0.3313
500108075,0.9372,0.9994,0.3552
500108076,0.9771,0.9864,0.3728
500108077,0.9787,0.9997,0.4545
500108078,1.0,1.0,0.4413
500108079,0.9874,0.9989,0.4058
500108081,0.9824,0.9952,0.3415
500108082,0.897,0.9916,0.2951
500108083,0.9756,0.9972,0.3149
500108084,0.905,0.9995,0.2493
500108085,0.9155,0.9956,0.3453
500108086,0.9806,0.9963,0.4449
500108087,0.9786,1.0,0.3748
500108088,0.9821,0.9718,0.4993
500108089,0.9905,0.9847,0.4215
500108090,0.9863,0.992,0.3743
500108091,0.9701,0.9988,0.3999
500108092,0.9894,0.9999,0.2989
500108093,0.9565,0.9955,0.3747
500108094,0.9237,0.989,0.2953
500108095,0.995,1.0,0.3949
500108096,0.9774,0.9986,0.3507
500108097,0.9941,1.0,0.4967
500108098,0.9181,0.9775,0.3037
500108099,0.9401,0.9972,0.3723
500108100,0.9866,1.0,0.3174
500108102,0.984,0.98,0.4787
500108103,0.9243,0.9912,0.3002
500108104,0.9929,0.9988,0.3463
500108105,0.9686,0.9959,0.4231
500108106,0.9856,0.9936,0.3703
500108107,0.9251,0.9991,0.3129
500108108,0.9898,0.9878,0.4754
500108109,0.9229,0.9869,0.3867
500108110,0.9714,1.0,0.2507
500108111,0.9959,1.0,0.3478
500108112,0.9377,0.9958,0.3628
500108115,0.9914,1.0,0.3878
500108116,0.9191,0.9816,0.351
500108117,0.9405,0.9926,0.3636
500108118,0.9725,0.9946,0.3683
500108119,0.9292,0.9854,0.3711
500108120,0.9506,0.9939,0.3799
500108121,0.9496,1.0,0.4065
500108122,0.9178,0.9954,0.2795
500108123,0.9885,0.9979,0.3781
500108124,0.9966,0.9894,0.4963
500108125,0.9803,0.9627,0.4667
500108126,0.9832,1.0,0.3506
500108127,1.0,0.9796,0.6114
500108128,0.9251,0.97,0.344
500108129,0.9426,0.9901,0.4384
500108131,0.9668,0.9696,0.4621
500108132,1.0,0.9975,0.3389
500108133,0.9865,0.9969,0.5185
500108134,0.9947,0.9997,0.4039
500108135,0.9807,0.9638,0.4858
500108136,0.9824,0.9733,0.4095
500108137,0.9942,0.9967,0.36
500108138,0.9442,1.0,0.3785
500108139,0.9594,0.9924,0.3956
500108140,0.9696,0.9991,0.3085
500108141,0.9812,0.9985,0.3722
500108142,0.9823,0.9985,0.4395
500108143,0.9795,0.9973,0.3455
500108144,0.9692,0.9916,0.383
500108145,0.9433,0.9948,0.3418
500108146,0.9221,0.9947,0.3116
500108147,0.9916,1.0,0.4521
500108148,0.9825,0.9929,0.4064
500108150,0.9121,0.9669,0.3402
500108151,0.9336,0.9695,0.402
500108152,0.9443,0.9857,0.3491
500108153,0.9293,0.9924,0.3117
500108154,0.9551,0.9932,0.3977
500108156,0.9932,0.9967,0.4142
500108157,0.9801,0.997,0.3433
500108158,0.9716,0.9871,0.3906
500108159,0.9742,0.9804,0.4171
500108160,0.967,0.9959,0.3267
500108161,0.9849,1.0,0.3124
500108162,0.9959,1.0,0.3205
500108164,0.9414,0.9809,0.3641
500108165,0.9674,0.9952,0.3813
500108166,0.9016,0.9824,0.3312
500108167,0.9509,0.9955,0.39
500108168,0.901,0.9923,0.2869
500108169,0.9937,0.9971,0.2761
500108170,0.9346,0.9902,0.3614
500108171,0.961,0.9987,0.2999
500108172,0.9463,0.9923,0.3653
500108173,0.9989,0.9994,0.423
500108174,0.9334,0.9718,0.3932
500108175,0.9999,0.9941,0.5492
500108176,0.9551,0.9987,0.2848
500108177,0.9744,1.0,0.2825
500108178,0.9995,0.9982,0.5048
500108179,0.9822,0.9958,0.4303
500108181,0.9401,0.9939,0.4105
500108182,0.9897,0.9896,0.4284
500108183,0.9822,0.9996,0.3192
500108184,0.9965,1.0,0.2399
500108185,0.9517,0.972,0.4147
500108186,0.9884,1.0,0.3152
500108187,0.9786,0.9925,0.4382
500108188,0.906,0.9767,0.3514
500108189,0.9143,0.9852,0.3251
500108190,0.9807,0.9932,0.3862
500108191,0.9678,1.0,0.3737
500108192,1.0,0.9989,0.4729
500108193,0.9841,0.9983,0.3486
500108194,0.9528,1.0,0.3576
500108195,0.9757,0.9988,0.3916
500108196,0.9755,0.9971,0.422
500108197,0.9965,0.9944,0.4908
500108199,0.977,0.9602,0.394
500108200,0.9858,1.0,0.2854
500108201,0.9955,1.0,0.4936
500108202,0.9483,0.9989,0.3885
500108203,0.9571,1.0,0.3661
500108204,0.9468,0.9995,0.2783
500108205,0.9492,1.0,0.4088
500108206,0.9547,0.9995,0.278
500108207,0.9904,0.9771,0.476
500108208,0.9104,1.0,0.3297
500108209,0.9901,1.0,0.3772
500108211,1.0,0.9955,0.5012
500108212,0.9565,1.0,0.3247
500108213,0.9883,0.9997,0.2882
500108214,0.9464,0.9988,0.4208
500108215,0.9803,0.9907,0.42
500108216,0.9295,0.9936,0.3733
500108217,0.9971,1.0,0.393
500108218,0.9549,0.9878,0.303
500108219,0.9359,0.9918,0.3685
500108220,0.987,0.9919,0.4458
500108221,1.0,0.9965,0.4164
500108222,0.9946,0.996,0.4951
500108223,0.9711,0.9978,0.3472
500108224,0.994,1.0,0.4666
500108225,0.9539,0.9927,0.4057
500108226,0.987,1.0,0.2694
500108227,0.9733,1.0,0.4028
500108228,1.0,1.0,0.4685
500108229,0.9948,1.0,0.29
500108230,0.9361,0.9908,0.3623
500108231,0.9818,0.9762,0.4444
500108233,0.9772,0.9999,0.3091
500108234,0.9824,0.9926,0.4959
500108235,0.9998,0.9995,0.4501
500109001,0.9657,0.9792,0.4735
500109002,0.9859,0.9839,0.4032
500109003,0.9562,0.9852,0.4548
500109004,0.949,0.9923,0.3341
500109005,0.984,1.0,0.3478
500109006,0.958,1.0,0.3564
500109007,0.9954,0.9998,0.3505
500109008,0.99,0.9917,0.5026
500109009,0.9743,0.9506,0.5307
500109010,0.9911,0.9952,0.3849
500109011,0.9844,0.9991,0.2276
500109012,0.9541,0.999,0.3006
500109013,0.9985,0.9971,0.4259
500109014,0.943,0.9874,0.3129
500109015,0.9418,0.9984,0.3095
500109016,0.9895,0.9897,0.5303
500109017,0.9878,1.0,0.2888
500109018,0.9927,0.981,0.5306
500109019,0.9764,0.9983,0.4259
500109020,0.9884,0.9997,0.4033
500109022,0.9895,1.0,0.4343
500109023,0.9905,0.9992,0.4391
500109024,0.9603,0.9661,0.4568
500109025,0.9898,0.985,0.4285
500109026,0.9874,0.994,0.4639
500109027,0.9965,0.9992,0.4661
500109028,0.9993,0.985,0.6226
500109029,0.9799,1.0,0.4175
500109030,0.9797,0.9965,0.282
500109031,0.9825,0.9989,0.2462
500109032,0.9879,0.9987,0.4358
500109033,0.9507,1.0,0.1896
500109034,0.9753,1.0,0.2291
500109035,0.9809,0.9971,0.278
500109036,0.9637,0.9866,0.3386
500109037,0.9557,0.9975,0.2735
500109039,0.9547,0.9994,0.292
500109040,0.9346,0.9968,0.2912
500109041,0.9961,0.9932,0.4121
500109042,0.9764,0.9784,0.4751
500109043,0.9838,0.9436,0.5805
500109044,0.9506,0.9566,0.4283
500109045,0.9656,0.9892,0.3043
500109046,0.9908,0.9983,0.3637
500109047,0.9805,0.9976,0.3907
500109048,0.9458,0.9978,0.2869
500109049,0.9863,0.9976,0.3805
500109050,0.9691,1.0,0.3238
500109051,0.9799,0.9771,0.4391
500109052,0.9738,0.9775,0.4955
500109053,0.9595,0.9978,0.2486
500109054,0.9844,0.9956,0.2962
500109055,0.9964,0.9993,0.4284
500109056,0.9835,0.9962,0.4394
500109057,0.9905,0.9973,0.3694
500109058,0.9338,0.9563,0.4445
500109059,0.9754,1.0,0.2753
500109060,0.9752,0.9763,0.4558
500109061,0.9767,0.9805,0.4812
500109062,0.9957,1.0,0.3341
500109063,0.9785,0.9835,0.547
500109064,0.9584,1.0,0.3768
500109065,0.9766,0.9924,0.4534
500109066,0.9998,1.0,0.4151
500109067,0.9608,0.9898,0.4386
500109068,0.9822,0.9956,0.4297
500109070,0.9844,0.9926,0.3676
500109071,0.964,0.9826,0.4144
500109072,0.9854,1.0,0.3785
500109073,0.9385,0.9992,0.4429
500109074,0.9914,0.9865,0.4938
500109075,0.9584,0.9973,0.2966
500109076,0.8816,1.0,0.2367
500109077,0.9775,0.9836,0.357
500109078,0.9847,0.9374,0.5537
500109079,0.9863,0.9921,0.4994
500109080,0.9882,0.9937,0.4126
500109081,0.9255,0.9594,0.4446
500109082,0.9684,0.9918,0.4323
500109084,0.9946,1.0,0.3571
500109085,0.9815,0.979,0.5287
500109086,0.9511,0.9958,0.333
500109087,0.995,0.9932,0.4791
500109088,0.997,0.9854,0.4896
500109089,0.9811,0.976,0.4774
500109091,0.9546,0.9906,0.4486
500109092,0.9662,0.9831,0.3591
500109093,0.9867,0.98,0.4757
500109094,0.9728,0.9954,0.342
500109096,0.9774,0.9918,0.4377
500109097,0.9998,0.9812,0.5249
500109098,0.9939,0.9818,0.5194
500109099,0.9473,0.9934,0.3136
500109100,0.957,0.9774,0.3751
500109101,0.9947,1.0,0.4418
500109102,1.0,1.0,0.2101
500109103,0.977,0.9912,0.4267
500109104,0.9426,0.9594,0.5165
500109105,0.9724,0.9882,0.4714
500109106,0.9859,1.0,0.3223
500109107,0.979,0.9983,0.3458
500109108,0.9876,1.0,0.367
500109109,0.9877,0.9984,0.3826
500109110,0.9997,0.9855,0.5114
500109111,0.9938,0.9982,0.3878
500109112,0.9618,0.9977,0.3692
500109113,0.9612,0.9954,0.3832
500109114,0.9875,0.9975,0.4242
500109115,0.9549,0.9997,0.3388
500109116,0.9867,0.9908,0.3624
500109117,0.9536,0.9863,0.3656
500109118,0.9887,0.9956,0.4862
500109119,0.9904,0.9951,0.5806
500109120,1.0,1.0,0.3156
500109121,0.9295,0.9996,0.3927
500109122,0.9991,0.9874,0.5711
500109123,0.9691,0.9983,0.3764
500109124,0.9847,1.0,0.3451
500109125,0.9856,0.9873,0.4839
500109126,0.9967,1.0,0.2253
500109127,0.9962,0.9972,0.472
500109128,1.0,1.0,0.5537
500109129,0.9614,0.9957,0.3716
500109130,0.9643,0.9957,0.3916
500109131,0.0,0.0,0.0
500110002,0.9272,0.9578,0.3427
500110003,0.9728,0.9947,0.3785
500110004,0.9588,0.9951,0.3885
500110005,0.9896,0.999,0.2611
500110006,0.9348,0.984,0.3012
500110007,0.9376,0.9898,0.2186
500110008,0.9912,0.9943,0.4141
500110009,0.8283,0.9859,0.2303
500110010,0.8836,0.9663,0.3567
500110011,0.9989,1.0,0.2653
500110012,0.9856,0.9725,0.4927
500110013,0.9965,0.9888,0.4973
500110014,0.9615,0.9986,0.2973
500110015,0.9294,0.9847,0.3205
500110016,0.9551,0.9653,0.4632
500110017,0.9799,1.0,0.2256
500110018,0.876,0.9907,0.3864
500110019,0.9959,0.9898,0.4225
500110020,0.9698,0.9643,0.4661
500110021,0.9693,0.9971,0.2582
500110022,0.9733,1.0,0.1825
500110023,0.9895,1.0,0.3988
500110024,0.971,0.9967,0.287
500110025,0.9824,0.9936,0.3889
500110026,0.929,0.9039,0.5257
500110027,0.9228,0.9688,0.4213
500110028,0.9796,0.9959,0.2841
500110029,0.9628,0.9802,0.4131
500110030,0.9052,0.9867,0.3808
500110031,0.9498,1.0,0.2437
500110032,0.9894,0.9827,0.3684
500110033,0.9635,0.9815,0.417
500110034,0.9602,0.9449,0.4873
500110035,1.0,0.9952,0.425
500110036,0.9738,0.994,0.3233
500110037,0.9681,0.9957,0.3053
500110038,0.9778,0.9946,0.4025
500110039,0.9664,0.9845,0.4195
500110040,0.9691,0.9978,0.3894
500110041,0.9657,0.9952,0.3772
500110042,0.9867,0.969,0.5213
500110043,0.9108,0.9601,0.3592
500110044,0.9508,0.9994,0.3096
500110045,0.9844,0.9981,0.3741
500110046,0.9801,0.9999,0.2887
500110047,0.9416,0.9936,0.3254
500110048,0.9255,0.9781,0.328
500110049,0.9467,0.9313,0.4302
500110050,0.8799,0.9744,0.3012
500110051,0.972,0.9802,0.3569
500110052,0.9746,0.9767,0.4375
500110053,0.9752,0.9949,0.3715
500110054,0.9313,0.9865,0.3873
500110055,0.8626,0.9852,0.3011
500110056,0.9801,0.9849,0.4405
500110057,0.9262,0.9732,0.4748
500110058,0.9302,0.9739,0.3634
500110059,0.9776,0.9977,0.3156
500110060,0.9253,0.9983,0.2771
500110061,0.948,0.9964,0.2857
500110062,0.9638,0.9883,0.2769
500110063,0.9681,0.9916,0.327
500110064,0.9066,0.9818,0.3231
500110065,0.977,0.9942,0.2895
500110066,0.9701,0.998,0.3695
500110067,0.9643,0.9846,0.3777
500110068,0.946,0.9842,0.3557
500110069,0.9625,0.9736,0.4449
500110070,0.9138,0.9353,0.3894
500110071,0.8741,1.0,0.2925
500110072,0.865,0.9863,0.2678
500110073,0.957,0.9773,0.4144
500110074,0.9525,0.9833,0.3212
500110076,0.9421,0.9453,0.4569
500110077,0.9656,0.9827,0.4189
500110078,0.9256,0.9894,0.3105
500110079,0.959,0.9903,0.3692
500110080,0.9586,0.9261,0.5339
500110081,0.9594,0.9408,0.4908
500110082,0.9697,0.998,0.4074
500110083,0.981,0.9653,0.4989
500110084,0.9721,0.9919,0.4482
500110085,0.9571,0.9808,0.4042
500110086,0.9584,0.9912,0.34
500110087,0.9601,0.9647,0.4559
500110088,0.9124,0.9507,0.3753
500110089,0.969,0.9845,0.4472
500110090,0.932,0.9946,0.3617
500110091,0.9893,0.9921,0.4338
500110092,0.9484,1.0,0.2112
500110093,0.9873,0.9724,0.4281
500110094,0.9985,1.0,0.2658
500110095,0.9891,1.0,0.2842
500110096,0.9439,1.0,0.3309
500110097,0.9682,0.999,0.3413
500110098,0.974,0.9964,0.325
500110099,0.9541,0.9906,0.3342
500110100,0.9721,0.9787,0.4536
500110101,0.9625,0.9904,0.4316
500110102,0.9922,0.9921,0.4088
500110103,0.9663,0.997,0.3955
500110104,0.9171,0.9921,0.3391
500110105,0.9648,0.97,0.4718
500110106,0.9762,0.9789,0.4275
500110107,0.9111,0.9708,0.3035
500110108,0.6805,1.0,0.1798
500110109,0.9585,0.9772,0.3906
500110110,0.9311,1.0,0.326
500111001,0.9738,0.9908,0.4229
500111002,0.9693,0.992,0.3805
500111003,0.9666,0.9989,0.2344
500111004,0.9654,0.9814,0.43
500111005,0.9666,0.9943,0.281
500111006,0.9712,0.9358,0.4461
500111007,0.9813,1.0,0.1815
500111008,0.9862,0.9988,0.3774
500111009,0.9477,0.9961,0.3755
500111010,0.9318,0.9988,0.339
500111011,0.9553,0.9947,0.3101
500111012,0.9343,0.9968,0.2606
500111013,0.9387,0.998,0.2441
500111014,0.9659,0.9968,0.3213
500111015,0.976,1.0,0.3042
500111016,0.9732,0.9881,0.4496
500111017,0.963,0.9971,0.3774
500111018,0.964,1.0,0.3234
500111019,0.9219,0.9979,0.2345
500111020,0.9161,0.9978,0.2657
500111021,0.9812,0.9995,0.3371
500111022,0.9608,0.9989,0.4144
500111023,0.9865,0.9926,0.4277
500111024,0.9813,0.9997,0.3467
500111025,0.9419,0.9918,0.3952
500111026,0.9014,0.9876,0.3314
500111027,0.9131,1.0,0.3752
500111028,0.9665,0.972,0.4067
500111029,0.9897,0.9842,0.4221
500111030,0.9631,0.992,0.4646
500111031,0.9429,0.9979,0.3715
500111032,0.9574,0.9851,0.2906
500111033,0.9551,0.9981,0.3415
500111034,0.9515,0.9808,0.3413
500111035,0.8837,0.9829,0.3519
500111036,0.9694,0.9914,0.4063
500111037,0.9189,0.9816,0.3477
500111038,0.9194,0.9977,0.3175
500111039,0.9762,0.9981,0.3882
500111040,0.9554,0.9814,0.4278
500111041,0.9665,0.9911,0.3418
500111042,0.9759,0.9636,0.4802
500111043,0.973,1.0,0.3334
500111044,0.998,0.9906,0.4357
500111045,0.9924,0.9995,0.3342
500111046,0.9592,0.9646,0.4001
500111047,0.9433,0.9959,0.3754
500111048,0.9371,0.9805,0.436
500111049,0.9426,0.9877,0.31
500111050,0.9524,0.981,0.3719
500111051,0.9349,0.9707,0.4365
500111052,0.9545,1.0,0.1712
500111053,0.9747,0.989,0.4062
500111054,0.9704,1.0,0.3389
500111055,0.947,0.9973,0.3083
500111056,0.9315,1.0,0.2524
500111057,0.9406,0.9439,0.4094
500111058,0.9713,0.9873,0.484
500111059,0.9901,0.9936,0.5028
500111060,0.9899,1.0,0.4489
500111061,0.8876,0.997,0.3374
500111062,0.9117,0.9949,0.2525
500111063,0.9595,0.9897,0.373
500111065,0.9936,1.0,0.4592
500111066,0.9713,0.9562,0.5157
500111067,0.9447,0.9935,0.3765
500111068,0.927,0.9736,0.391
500111069,0.9042,0.9977,0.3086
500111070,0.9327,0.9868,0.4438
500111071,0.9771,0.9923,0.3969
500111072,0.938,0.989,0.3939
500111073,0.9078,0.9793,0.3915
500111074,0.9749,0.9885,0.4252
500111075,0.9645,0.9899,0.4509
500111076,0.8415,0.994,0.2939
500111077,0.9733,0.964,0.4537
500111078,0.975,0.9506,0.4993
500111079,0.9402,0.996,0.2983
500111080,0.956,0.9364,0.4947
500111081,0.9687,0.9975,0.3269
500111082,0.9785,0.9725,0.4918
500111083,0.9787,0.9912,0.473
500111084,0.9558,0.9651,0.47
500111085,0.9165,0.9541,0.4247
500111086,0.9649,0.9792,0.4292
500111087,0.9541,0.9907,0.3779
500111088,0.9561,0.9987,0.353
500111089,0.9655,1.0,0.3059
500111090,0.9615,0.9738,0.4489
500111091,0.9773,0.9952,0.3442
500111092,0.9521,0.9965,0.297
500111093,0.9211,0.9919,0.301
500111094,0.9528,0.9902,0.3514
500111095,0.9799,0.9833,0.428
500111096,0.9574,0.9866,0.3827
500111097,0.9116,0.995,0.2855
500111098,0.9308,0.9214,0.4891
500111113,0.9689,0.9941,0.3123
500111114,0.9727,0.9857,0.3606
500111115,0.9604,0.9906,0.3363
500111116,0.9929,0.9833,0.4279
500111117,0.9742,0.9994,0.3658
500111118,0.9741,0.9905,0.4178
500111119,0.9122,0.9935,0.3631
500111120,0.8969,0.9812,0.375
500111121,0.9544,1.0,0.3013
500111122,0.9642,0.9918,0.3414
500111123,0.9725,0.9953,0.3905
500111124,0.9766,0.9524,0.427
500111125,0.9931,0.9976,0.3976
500111126,0.9875,1.0,0.3514
500111127,0.974,0.9659,0.5009
500111128,0.9529,0.9969,0.2766
500111129,0.9399,0.9803,0.4334
500111130,0.9958,0.9899,0.4984
500111131,0.976,0.9972,0.3581
500111132,0.9817,0.9999,0.3634
500111133,0.9716,0.9845,0.3746
500111134,0.942,0.9543,0.3344
500112001,0.9734,0.976,0.4539
500112002,0.9256,0.9598,0.4343
500112003,0.9361,0.9669,0.4024
500112004,0.9687,0.9982,0.4036
500112005,0.9818,1.0,0.2972
500112006,0.9671,0.9954,0.4294
500112007,0.9743,0.9961,0.3235
500112008,0.931,0.995,0.4096
500112009,0.9881,0.9993,0.3093
500112010,0.9184,0.987,0.2428
500112011,0.9397,0.9881,0.2496
500112012,0.9533,0.9687,0.3935
500112013,0.857,0.9327,0.43
500112014,0.8699,0.9832,0.3262
500112015,0.974,0.999,0.2471
500112016,0.9851,0.9958,0.4217
500112017,0.9843,0.9964,0.4068
500112018,0.9231,1.0,0.3623
500112019,0.9021,0.9507,0.363
500112020,0.9414,0.9827,0.4154
500112021,0.9452,0.9787,0.351
500112022,0.9823,0.9992,0.3698
500112023,0.9864,1.0,0.328
500112024,0.9481,0.9813,0.3662
500112025,0.9768,0.9778,0.4463
500112026,0.9782,0.9911,0.4575
500112027,0.9419,0.9907,0.302
500112028,0.9564,1.0,0.2998
500112029,0.9647,0.9564,0.4558
500112030,0.8435,0.9563,0.3969
500112031,0.91,0.9584,0.4032
500112032,0.9679,0.9774,0.3915
500112033,0.9459,0.9933,0.3437
500112035,0.9091,0.9921,0.3289
500112036,0.8865,0.9818,0.3293
500112037,0.9913,1.0,0.3137
500112038,0.9601,0.9461,0.4465
500112039,0.9547,0.9876,0.3575
500112040,0.9872,0.9645,0.4765
500112042,0.9352,0.8512,0.5179
500112043,0.9031,0.9619,0.5173
500112044,0.9707,0.9873,0.4134
500112045,0.9512,0.9952,0.4238
500112046,0.9536,0.9755,0.4326
500112047,0.9697,0.9938,0.4703
500112048,0.9841,0.9628,0.5153
500112049,0.9672,0.9957,0.278
500112050,0.9471,0.9923,0.4319
500112051,0.9446,0.9974,0.4377
500112052,0.9638,0.9918,0.4062
500112053,0.9503,0.9836,0.4359
500112054,0.9863,0.9526,0.4734
500112055,0.9067,0.9975,0.3012
500112056,0.9169,0.9686,0.3645
500112057,0.9095,0.9836,0.3866
500112058,0.9066,0.9655,0.3527
500112059,0.9458,0.9535,0.4316
500112060,0.9603,0.994,0.4299
500112061,0.9371,0.9496,0.3977
500112062,0.9534,0.9464,0.4702
500112063,0.9732,0.9799,0.466
500112064,0.9729,0.9968,0.4115
500112065,0.9386,0.9949,0.295
500112066,0.9185,0.9835,0.4108
500112067,0.9728,0.994,0.4565
500112068,0.9872,0.9968,0.3493
500112069,0.9823,0.9939,0.3355
500112070,0.9608,0.9815,0.3518
500112071,0.9877,0.9557,0.5005
500112072,0.9703,0.9937,0.3744
500112073,0.9549,1.0,0.3355
500112075,0.9294,0.9724,0.3464
500112076,0.8654,0.9905,0.2677
500112078,0.9403,0.9537,0.3826
500112079,0.9858,0.9939,0.4052
500112080,0.9304,0.985,0.4303
500112081,0.9097,0.9814,0.2959
500112082,0.9464,0.973,0.3534
500112083,0.9954,0.9935,0.3379
500112084,0.9606,1.0,0.2507
500112085,0.9464,0.9737,0.4398
500112086,0.9645,0.9914,0.3352
500112087,0.903,0.9929,0.4016
500112088,0.9171,0.9629,0.4388
500112089,0.9233,0.9663,0.4249
500112090,0.8525,0.9836,0.2911
500112091,0.887,0.9895,0.3351
500112092,0.9686,0.9983,0.3662
500112093,0.9035,0.9674,0.3204
500112094,0.8897,0.9064,0.4289
500112095,0.9566,0.993,0.4419
500112096,0.9568,0.9903,0.3681
500112097,0.9474,0.9533,0.4416
500112098,0.9539,0.9689,0.4477
500112099,0.9487,0.9532,0.4411
500112100,0.9679,0.9996,0.3463
500112101,0.9759,0.9622,0.4848
500112102,0.9226,0.9421,0.4487
500112103,0.8427,0.9594,0.3344
500112104,0.9029,0.9732,0.3807
500112105,0.9161,0.9604,0.381
500112106,0.9439,0.9811,0.4196
500112107,0.9654,0.9925,0.4327
500112108,0.9743,0.9996,0.3284
500112109,0.9595,0.9855,0.3953
500112110,0.9739,0.9842,0.4755
500112111,0.9409,0.9939,0.3797
500112112,0.9257,0.9411,0.4287
500112113,0.9195,0.9539,0.4225
500112114,0.9475,0.9772,0.3781
500112115,0.9277,0.9579,0.4499
500112116,0.9171,0.9875,0.4031
500112117,0.9633,0.9645,0.4225
500112118,0.9617,0.9823,0.3596
500112119,0.8691,0.961,0.3746
500112120,0.9644,0.9986,0.3573
500112123,0.9733,0.9455,0.4104
500112124,0.8697,0.994,0.3299
500112125,0.9123,0.985,0.3607
500112127,0.9508,0.9717,0.4395
500112128,0.8998,1.0,0.4059
500112129,0.943,0.984,0.3992
500112130,0.9674,1.0,0.2944
500112132,0.9162,1.0,0.3202
500112133,0.9325,0.9601,0.4586
500112134,0.9204,0.9997,0.2395
500113001,0.9692,0.9428,0.474
500113002,0.9633,0.9441,0.5186
500113003,0.9646,0.8883,0.5472
500113004,0.9882,0.9901,0.445
500113005,0.9975,0.9998,0.368
500113006,0.9785,0.9967,0.387
500113007,0.9615,0.994,0.3093
500113008,0.9807,0.9984,0.3099
500113009,0.963,0.9983,0.3557
500113010,0.9717,0.9922,0.3312
500113012,0.9801,0.9885,0.5041
500113013,0.952,0.9897,0.4271
500113014,0.96,0.9978,0.3296
500113015,0.933,0.9469,0.4176
500113016,0.9748,0.9884,0.3527
500113017,0.9926,0.9882,0.5024
500113018,0.9797,0.9342,0.5413
500113019,0.9857,0.9523,0.453
500113020,0.9863,0.9401,0.4992
500113022,0.9899,0.9909,0.3885
500113023,0.9631,1.0,0.2329
500113025,0.9954,0.9773,0.5543
500113026,0.9908,0.9873,0.4978
500113027,0.9918,0.994,0.4843
500113028,0.9736,0.9994,0.3804
500113029,0.9849,0.9847,0.4852
500113030,0.9647,0.9781,0.3944
500113031,0.947,0.9894,0.4126
500113032,0.9605,0.9958,0.3454
500113033,0.9596,0.9883,0.3981
500113034,0.9975,0.999,0.4682
500113035,0.9924,0.9858,0.4439
500113036,0.9863,0.996,0.4481
500113037,0.9774,0.9904,0.5144
500113038,0.9679,0.9957,0.3792
500113039,0.9735,0.9826,0.4444
500113041,0.9815,1.0,0.2412
500113042,0.9974,0.9868,0.5455
500113043,0.9995,0.996,0.4871
500113044,0.9801,1.0,0.3171
500113045,0.9582,0.9815,0.338
500113046,0.9715,0.9917,0.3637
500113047,0.9766,0.9974,0.4348
500113048,0.9788,0.9722,0.451
500113049,0.9598,0.9604,0.4899
500113050,0.9559,0.9556,0.4539
500113051,0.9909,0.9842,0.4344
500113052,0.9518,0.9726,0.426
500113053,0.9644,0.9879,0.4294
500113054,0.9743,0.999,0.4276
500113055,0.9709,0.9668,0.4639
500113056,0.9778,0.9943,0.4587
500113057,0.987,0.9954,0.4586
500113058,0.9961,0.9937,0.4596
500113059,0.9587,0.9933,0.4845
500113060,0.9869,0.9604,0.5367
500113061,0.9933,0.9914,0.5106
500113062,0.9551,0.9804,0.4277
500113064,0.9934,0.9883,0.524
500113065,0.9787,0.9978,0.3402
500113066,0.9773,0.9967,0.4029
500113069,0.9292,0.9998,0.2836
500113070,0.991,0.9956,0.3825
500113071,0.948,0.7986,0.6017
500113072,0.9731,0.9812,0.4664
500113073,0.9706,0.9606,0.4736
500113074,0.9428,0.9883,0.3854
500113075,0.9785,0.9547,0.4508
500113077,0.9692,0.9681,0.4503
500113078,0.9812,0.9763,0.4764
500113079,0.9641,0.9794,0.441
500113081,0.9934,0.9973,0.4278
500113083,0.9415,0.9627,0.4434
500113085,0.9874,0.9728,0.4681
500113086,0.9683,0.9665,0.4264
500113087,0.9874,0.9615,0.5069
500113088,0.9809,0.9823,0.4767
500113089,0.9591,0.9981,0.3495
500113090,0.9705,0.9763,0.4521
500113091,0.9685,0.9779,0.4261
500113092,0.966,0.9832,0.4203
500113093,0.9806,0.977,0.5244
500113094,0.8238,0.9172,0.3497
500113095,0.7721,0.9577,0.2659
500113096,1.0,0.9592,0.4904
500113097,0.9902,0.9949,0.4957
500113098,0.9498,0.9921,0.3693
500113099,0.9418,0.9866,0.3916
500113100,1.0,1.0,0.5048
500113101,0.9851,0.9856,0.4676
500119005,0.8626,0.9793,0.3993
500119006,0.9262,1.0,0.2534
500119007,0.8895,0.9964,0.2612
500119008,0.9499,0.938,0.4526
500119009,0.8876,0.9468,0.4936
500119043,0.8466,0.817,0.4679
500119044,0.9115,0.9881,0.2964
500119045,0.9262,0.9568,0.2214
500119046,0.9915,0.9755,0.4652
500119047,0.8172,0.9447,0.3349
500119048,0.8906,0.9637,0.4136
500119049,0.9235,0.926,0.3417
500119050,0.9624,0.901,0.3504
500119051,0.8715,0.9793,0.2766
500119052,0.8528,0.9193,0.3227
500119053,0.9447,0.9592,0.3356
500119054,0.8405,0.9216,0.3904
500119055,0.911,0.9512,0.4127
500119056,0.9482,0.9528,0.4041
500119057,0.8758,0.9985,0.2035
500119058,0.8746,0.9122,0.4367
500119059,0.8933,0.9823,0.2382
500119060,0.8512,0.9642,0.3178
500119061,0.872,0.9977,0.239
500119062,0.894,0.9862,0.2657
500119063,0.8415,0.9861,0.2311
500119064,0.8814,0.9327,0.3862
500119065,0.8236,0.9744,0.2945
500119066,0.8805,0.9118,0.3931
500119067,0.9179,0.9441,0.2656
500119068,0.8834,0.9652,0.2339
500119069,0.9468,0.9543,0.3717
500119070,0.9201,0.9615,0.3681
500119071,0.9445,0.9749,0.3349
500119072,0.832,0.8956,0.3756
500119074,0.816,0.9615,0.2909
500119075,0.908,0.9546,0.2984
500119076,0.8467,0.9225,0.3299
500119077,0.9633,0.966,0.3963
500119078,0.7853,0.8951,0.4161
500119079,0.9137,0.9692,0.3545
500119080,0.8046,0.9758,0.2769
500119081,0.829,0.9559,0.3288
500119082,0.8102,0.9376,0.3689
500119083,0.83,0.8986,0.3262
500119084,0.8888,0.96,0.3096
500119085,0.8227,0.8987,0.3749
500119086,0.9083,0.9496,0.2885
500119087,0.8258,0.9391,0.376
500119088,0.9621,0.973,0.3733
500119089,0.8343,0.9559,0.3484
500119090,0.9296,0.9437,0.4102
500119091,0.925,0.9614,0.3666
500119092,0.875,0.9498,0.3623
500119093,0.9288,0.9938,0.3007
500119094,0.8588,0.9445,0.2398
500119095,0.8636,0.9475,0.3195
500119096,0.925,1.0,0.2236
500119097,0.9579,0.9706,0.4644
500119098,0.9709,0.9471,0.292
