sno,sna,sarea,latitude,longitude
500101001,YouBike2.0_捷運科技大樓站,大安區,25.02605,121.5436
500101002,YouBike2.0_復興南路二段273號前,大安區,25.02565,121.54357
500101003,YouBike2.0_國北教大實小東側門,大安區,25.02429,121.54124
500101004,YouBike2.0_和平公園東側,大安區,25.02351,121.54282
500101005,YouBike2.0_辛亥復興路口西北側,大安區,25.02153,121.54299
500101006,YouBike2.0_復興南路二段280號前,大安區,25.02429,121.54328
500101007,YouBike2.0_復興南路二段340巷口,大安區,25.02253,121.54326
500101008,YouBike2.0_新生南路三段52號前,大安區,25.02112,121.53407
500101009,YouBike2.0_新生南路三段66號前,大安區,25.01976,121.53384
500101010,YouBike2.0_新生南路三段82號前,大安區,25.01894,121.53361
500101012,YouBike2.0_辛亥路一段30號前,大安區,25.01986,121.52982
500101013,YouBike2.0_和平復興路口西北側,大安區,25.02543,121.54332
500101014,YouBike2.0_羅斯福路三段311號前,大安區,25.01717,121.53202
500101015,YouBike2.0_大安運動中心停車場,大安區,25.02089,121.54697
500101016,YouBike2.0_羅斯福路三段245號前,大安區,25.01927,121.52989
500101018,YouBike2.0_溫州公園,大安區,25.01895,121.53156
500101019,YouBike2.0_和平臥龍街口,大安區,25.024461,121.546705
500101021,YouBike2.0_銘傳國小側門,大安區,25.01385,121.53549
500101022,YouBike2.0_捷運公館站(2號出口),大安區,25.01491,121.53438
500101023,YouBike2.0_第二學生活動中心,大安區,25.01244,121.53661
500101024,YouBike2.0_臺灣科技大學正門,大安區,25.01451,121.54142
500101025,YouBike2.0_臺灣科技大學側門,大安區,25.01295,121.53973
500101026,YouBike2.0_公館公園,大安區,25.01137,121.54062
500101027,YouBike2.0_臺灣科技大學後門,大安區,25.01182,121.54165
500101028,YouBike2.0_臺大醫學院附設癌醫中心,大安區,25.01426,121.54382
500101029,YouBike2.0_臺大環研大樓,大安區,25.01234,121.54503
500101030,YouBike2.0_臺大永齡生醫工程館,大安區,25.0136,121.54656
500101031,YouBike2.0_臺大男七舍前,大安區,25.01537,121.54698
500101032,YouBike2.0_臺大男一舍前,大安區,25.01637,121.54535
500101033,YouBike2.0_臺大男六舍前,大安區,25.01664,121.5452
500101034,YouBike2.0_臺大動物醫院前,大安區,25.01576,121.54291
500101035,YouBike2.0_臺大土木研究大樓前,大安區,25.01787,121.5476
500101036,YouBike2.0_臺大萬才館前,大安區,25.02032,121.54497
500101037,YouBike2.0_臺大國青大樓宿舍前,大安區,25.02076,121.54432
500101038,YouBike2.0_臺大社科院圖書館前,大安區,25.02101,121.54284
500101039,YouBike2.0_臺大法人語言訓練中心前,大安區,25.02104,121.54081
500101040,YouBike2.0_臺大綜合體育館停車場前,大安區,25.0222,121.53626
500101041,YouBike2.0_辛亥新生路口東南側,大安區,25.02218,121.53474
500101042,YouBike2.0_基隆長興路口東側,大安區,25.01727,121.54471
500101091,YouBike2.0_國北教大側門南側,大安區,25.022864,121.546622
500101092,YouBike2.0_和平實小東北側,大安區,25.021641,121.54704
500101093,YouBike2.0_大安區健康服務中心,大安區,25.021469,121.544069
500101094,YouBike2.0_辛亥泰順街口,大安區,25.02193,121.53165
500101095,YouBike2.0_臺北市芳和實驗中學,大安區,25.0189,121.55013
500101097,YouBike2.0_臥龍樂業街口,大安區,25.01856,121.55558
500101098,YouBike2.0_臥龍公園,大安區,25.01623,121.55037
500101099,YouBike2.0_嘉興公園,大安區,25.021,121.55211
500101100,YouBike2.0_捷運麟光站(2號出口),大安區,25.0181,121.55929
500101101,YouBike2.0_捷運六張犁站,大安區,25.02397,121.55266
500101102,YouBike2.0_喬治工商,大安區,25.02705,121.55551
500101103,YouBike2.0_法治公園,大安區,25.02694,121.55325
500101104,YouBike2.0_捷運臺電大樓站(2號出口),大安區,25.02021,121.52942
500101105,YouBike2.0_和平金山路口,大安區,25.02669,121.52529
500101107,YouBike2.0_和平龍泉街口,大安區,25.02638,121.52971
500101108,YouBike2.0_和平泰順街口,大安區,25.02621,121.53171
500101109,YouBike2.0_臺灣師範大學(圖書館),大安區,25.0266,121.52973
500101110,YouBike2.0_捷運古亭站(6號出口),大安區,25.0276,121.52217
500101113,YouBike2.0_臺北市立圖書館(總館),大安區,25.02895,121.5379
500101114,YouBike2.0_新生和平路口東北側,大安區,25.02657,121.53515
500101115,YouBike2.0_建國和平路口西北側,大安區,25.02606,121.53738
500101116,YouBike2.0_金華公園,大安區,25.02984,121.53107
500101118,YouBike2.0_金甌女中,大安區,25.03519,121.5245
500101119,YouBike2.0_金杭公園,大安區,25.03325,121.52436
500101120,YouBike2.0_愛國金山路口,大安區,25.03164,121.52661
500101122,YouBike2.0_敦化南路二段293巷口南側,大安區,25.0237,121.54899
500101123,YouBike2.0_敦化基隆路口,大安區,25.02215,121.54839
500101124,YouBike2.0_安和路二段181巷口,大安區,25.02721,121.54988
500101125,YouBike2.0_臨江街夜市(通化街101巷口),大安區,25.02952,121.55406
500101126,YouBike2.0_臨江街夜市(基隆路),大安區,25.02931,121.55721
500101127,YouBike2.0_台北科技大學億光大樓,大安區,25.04177,121.53833
500101128,YouBike2.0_新生南路一段119巷口,大安區,25.04003,121.53299
500101129,YouBike2.0_幸安國小(仁愛路),大安區,25.03753,121.53523
500101130,YouBike2.0_民榮公園,大安區,25.03534,121.5354
500101131,YouBike2.0_復興南路1段340巷口,大安區,25.03701,121.54348
500101132,YouBike2.0_建國濟南路口,大安區,25.03935,121.53828
500101133,YouBike2.0_捷運忠孝復興站(2號出口),大安區,25.04035,121.5436
500101134,YouBike2.0_捷運大安站(4號出口),大安區,25.0332,121.5439
500101135,YouBike2.0_捷運大安站(2號出口),大安區,25.03358,121.54141
500101136,YouBike2.0_信義大安路口(信維大樓),大安區,25.03317,121.54639
500101137,YouBike2.0_龍門廣場,大安區,25.04092,121.54825
500101138,YouBike2.0_仁愛安和路口,大安區,25.03754,121.55285
500101139,YouBike2.0_信義敦化路口,大安區,25.03333,121.54977
500101140,YouBike2.0_仁愛國中,大安區,25.03706,121.55166
500101141,YouBike2.0_捷運信義安和站(2號出口),大安區,25.03304,121.55171
500101142,YouBike2.0_八德市場,大安區,25.04463,121.53665
500101143,YouBike2.0_昌隆公園,大安區,25.04448,121.53946
500101144,YouBike2.0_捷運大安森林公園站(2號出口),大安區,25.03332,121.53435
500101145,YouBike2.0_信義延吉街口,大安區,25.03318,121.55725
500101146,YouBike2.0_光信公園(光復南路456巷),大安區,25.03513,121.5561
500101147,YouBike2.0_僑安地下停車場(2號出口)東南側,大安區,25.0391,121.5569
500101148,YouBike2.0_建國南路一段279巷口,大安區,25.03635,121.53833
500101149,YouBike2.0_捷運忠孝新生站(6號出口),大安區,25.04091,121.53295
500101150,YouBike2.0_捷運忠孝新生站(4號出口),大安區,25.04239,121.53324
500101151,YouBike2.0_大安高工,大安區,25.03126,121.54339
500101152,YouBike2.0_捷運忠孝新生站(3號出口),大安區,25.04189,121.53376
500101153,YouBike2.0_瑠公公園,大安區,25.04201,121.54612
500101154,YouBike2.0_敦化市民路口,大安區,25.04405,121.5486
500101155,YouBike2.0_捷運大安森林公園站(5號出口),大安區,25.03336,121.5364
500101156,YouBike2.0_信義建國路口,大安區,25.0328,121.53746
500101157,YouBike2.0_東豐公園,大安區,25.03569,121.5451
500101158,YouBike2.0_德安公園(四維路66巷),大安區,25.03473,121.54767
500101159,YouBike2.0_捷運忠孝復興站(5號出口),大安區,25.04253,121.54407
500101160,YouBike2.0_捷運忠孝敦化站(2號出口),大安區,25.04153,121.5524
500101161,YouBike2.0_捷運忠孝敦化站(7號出口),大安區,25.04159,121.54937
500101163,YouBike2.0_瑞安街208巷,大安區,25.02979,121.54053
500101165,YouBike2.0_樂利路21巷口,大安區,25.0277,121.55132
500101166,YouBike2.0_捷運科技大樓站(台北教育大學),大安區,25.02472,121.54417
500101167,YouBike2.0_捷運國父紀念館站(2號出口),大安區,25.04122,121.55745
500101168,YouBike2.0_仁愛醫院,大安區,25.03756,121.54587
500101169,YouBike2.0_捷運信義安和站(4號出口),大安區,25.03305,121.55378
500101170,YouBike2.0_成功國宅,大安區,25.02681,121.54668
500101171,YouBike2.0_仁愛延吉街口,大安區,25.03748,121.55564
500101172,YouBike2.0_捷運信義安和站(1號出口),大安區,25.03331,121.55265
500101173,YouBike2.0_敦化南路二段103巷口,大安區,25.0287,121.54904
500101174,YouBike2.0_復興南路二段128巷口,大安區,25.02861,121.54336
500101175,YouBike2.0_和平東建國南路口,大安區,25.02575,121.5377
500101176,YouBike2.0_芳蘭山莊,大安區,25.01223,121.54788
500101177,YouBike2.0_復興南路一段126巷口,大安區,25.04311,121.54313
500101179,YouBike2.0_捷運東門站(5號出口),大安區,25.03363,121.52962
500101180,YouBike2.0_仁愛路四段48巷口,大安區,25.03597,121.54693
500101181,YouBike2.0_捷運公館站(3號出口),大安區,25.01551,121.53374
500101182,YouBike2.0_臺北科技大學(電機工程系),大安區,25.04196,121.53653
500101184,YouBike2.0_新生南路三段94巷口,大安區,25.01744,121.53334
500101185,YouBike2.0_辛亥新生路口西北側,大安區,25.02267,121.5341
500101186,YouBike2.0_捷運大安站(6號出口),大安區,25.03479,121.54376
500101187,YouBike2.0_臥龍街195巷口,大安區,25.01783,121.55224
500101188,YouBike2.0_辛亥路三段157巷口,大安區,25.01727,121.54904
500101189,YouBike2.0_臥龍基隆路口,大安區,25.02039,121.54853
500101190,YouBike2.0_敦親公園,大安區,25.02347,121.54108
500101191,YouBike2.0_大安運動中心,大安區,25.02054,121.54561
500101192,YouBike2.0_和平敦化路口,大安區,25.02444,121.54908
500101193,YouBike2.0_基隆長興路口,大安區,25.01705,121.54435
500101194,YouBike2.0_仁愛路四段122巷口,大安區,25.03762,121.55009
500101196,YouBike2.0_市民敦化路口,大安區,25.04464,121.54944
500101197,YouBike2.0_忠孝東路四段49巷口,大安區,25.04172,121.54541
500101198,YouBike2.0_市民復興路口(東南側),大安區,25.04472,121.54401
500101199,YouBike2.0_和平新生路口西南側,大安區,25.02604,121.534
500101200,YouBike2.0_全安公園,大安區,25.02535,121.55101
500101201,YouBike2.0_信義路三段134巷口,大安區,25.03333,121.53968
500101202,YouBike2.0_仁愛敦南圓環(東南側),大安區,25.03715,121.54936
500101203,YouBike2.0_臺北遠企購物中心,大安區,25.02709,121.54902
500101204,YouBike2.0_外交部外交及國際事務學院,大安區,25.0371,121.54839
500101205,YouBike2.0_四維路170巷口,大安區,25.02821,121.54864
500101206,YouBike2.0_捷運大安站(3號出口),大安區,25.03328,121.5425
500101207,YouBike2.0_捷運臺電大樓站(2號出口)_1,大安區,25.02055,121.52855
500101208,YouBike2.0_信義路四段199巷,大安區,25.03459,121.55164
500101209,YouBike2.0_臺大資訊大樓,大安區,25.02101,121.54153
500101210,YouBike2.0_敦化南路二段81巷,大安區,25.03002,121.54893
500101211,YouBike2.0_原臺北刑務所官舍,大安區,25.03054,121.52466
500101212,YouBike2.0_捷運國父紀念館站(1號出口),大安區,25.04205,121.55657
500101213,YouBike2.0_懷生國中,大安區,25.0401,121.54122
500101214,YouBike2.0_仁愛敦南圓環(西北側),大安區,25.03827,121.54802
500101215,YouBike2.0_立人國小,大安區,25.02974,121.55146
500101216,YouBike2.0_和平東路二段18巷口,大安區,25.02268,121.53608
500101217,YouBike2.0_捷運大安站(5號出口),大安區,25.03303,121.54372
500101218,YouBike2.0_臨江公園,大安區,25.02832,121.55592
500101219,YouBike2.0_羅斯福路四段113巷19弄口,大安區,25.01027,121.53998
500101221,YouBike2.0_忠孝東路四段248巷口,大安區,25.04132,121.55393
500101222,YouBike2.0_仁愛延吉路口(西北側),大安區,25.03795,121.55466
500101223,YouBike2.0_樂利路101巷口,大安區,25.02528,121.55224
500101224,YouBike2.0_羅斯福浦城街口,大安區,25.02208,121.52678
500101225,YouBike2.0_敦化南路一段295巷口,大安區,25.03551,121.54951
500101226,YouBike2.0_通安區民活動中心,大安區,25.02942,121.55294
500101227,YouBike2.0_復興忠孝東路口(東南側),大安區,25.04061,121.54389
500101228,YouBike2.0_仁愛大安路口(東北側),大安區,25.03813,121.54631
500101229,YouBike2.0_臺灣師範大學(浦城街),大安區,25.02476,121.52803
500101230,YouBike2.0_安和路二段69巷口,大安區,25.03056,121.55252
500101231,YouBike2.0_大安國小,大安區,25.02014,121.55084
500101232,YouBike2.0_捷運古亭站(3號出口),大安區,25.02572,121.52359
500101233,YouBike2.0_捷運忠孝復興站(3號出口),大安區,25.04152,121.54414
500101234,YouBike2.0_和平東路二段90巷,大安區,25.02468,121.53965
500101235,YouBike2.0_光復南路420巷口,大安區,25.03601,121.55742
500101236,YouBike2.0_富陽臥龍街口,大安區,25.0187,121.55688
500101237,YouBike2.0_仁愛復興路口,大安區,25.03817,121.544
500101238,YouBike2.0_仁愛敦南圓環(東側),大安區,25.03804,121.55042
500101239,YouBike2.0_古風公園,大安區,25.02187,121.52912
500101240,YouBike2.0_和平東路二段76巷,大安區,25.02263,121.53906
500101241,YouBike2.0_敦化信義路口(東南側),大安區,25.03276,121.54907
500101242,YouBike2.0_和平東路三段308巷口,大安區,25.01883,121.5544
500101243,YouBike2.0_忠孝建國路口(東南側),大安區,25.04159,121.5378
500101244,YouBike2.0_浦城街26巷,大安區,25.02324,121.52618
500101245,YouBike2.0_青峰活動中心,大安區,25.01524,121.55121
500101246,YouBike2.0_忠孝東路三段216巷口,大安區,25.04157,121.5402
500101247,YouBike2.0_捷運忠孝復興站(4號出口),大安區,25.04173,121.54412
500101248,YouBike2.0_和平溫州街口,大安區,25.02634,121.53342
500101250,YouBike2.0_國立臺北教育大學創意館,大安區,25.02305,121.54394
500101251,YouBike2.0_捷運忠孝復興站(1號出口),大安區,25.04199,121.54362
500101252,YouBike2.0_政大公企中心,大安區,25.03076,121.52781
500101253,YouBike2.0_大安路二段90巷口,大安區,25.03117,121.54602
500101254,YouBike2.0_師大附中運動中心,大安區,25.03626,121.53997
500101255,YouBike2.0_錦安區民活動中心,大安區,25.02846,121.52935
500101256,YouBike2.0_敦化基隆路口(東北側),大安區,25.02196,121.54899
500101257,YouBike2.0_龍圖公園,大安區,25.0305,121.54184
500101258,YouBike2.0_新生南路二段54巷口,大安區,25.02878,121.53412
500101259,YouBike2.0_臺靜農人文會館,大安區,25.02462,121.53347
500101260,YouBike2.0_建國南路二段瑞安街264巷口,大安區,25.02716,121.53782
500101261,YouBike2.0_辛亥路一段77巷口,大安區,25.02128,121.53034
500101262,YouBike2.0_愛國東路210巷口,大安區,25.03187,121.52407
500101264,YouBike2.0_金華國中,大安區,25.03165,121.53306
500101265,YouBike2.0_羅斯福路三段283巷,大安區,25.02017,121.53178
500101266,YouBike2.0_臺科大側門(基隆路四段73巷),大安區,25.01291,121.53967
500101267,YouBike2.0_黎和公園,大安區,25.01663,121.56011
500101268,YouBike2.0_信義四維路口,大安區,25.03341,121.54796
500101269,YouBike2.0_和平高中(辛亥基隆路口),大安區,25.01917,121.54708
500101270,YouBike2.0_和平東路二段107巷口,大安區,25.02555,121.53951
500101271,YouBike2.0_信義金山路口(西南側),大安區,25.03407,121.52682
500101272,YouBike2.0_金華國中(新生南路二段30巷),大安區,25.03137,121.5313
500101273,YouBike2.0_羅斯福路四段123巷,大安區,25.01036,121.53752
500101274,YouBike2.0_捷運科技大樓站(2號出口),大安區,25.02592,121.54328
500101276,YouBike2.0_羅斯福新生南路口,大安區,25.01604,121.53316
500103001,YouBike2.0_延平國宅,大同區,25.07894,121.51121
500103002,YouBike2.0_臺北市立圖書館大同分館,大同區,25.0741,121.51349
500103003,YouBike2.0_合昌宮,大同區,25.07717,121.50934
500103004,YouBike2.0_民族延平路口,大同區,25.06864,121.5107
500103005,YouBike2.0_重慶酒泉街口,大同區,25.07158,121.51368
500103006,YouBike2.0_樹德公園,大同區,25.06647,121.5165
500103007,YouBike2.0_陳天來故居,大同區,25.05601,121.50895
500103008,YouBike2.0_臺北孔廟,大同區,25.07378,121.51583
500103009,YouBike2.0_捷運圓山站(1號出口),大同區,25.07133,121.52024
500103010,YouBike2.0_酒泉延平路口,大同區,25.0722,121.51057
500103011,YouBike2.0_重慶國中,大同區,25.07567,121.51862
500103012,YouBike2.0_重慶北路三段383巷口,大同區,25.07598,121.51409
500103013,YouBike2.0_台北數位產業園區,大同區,25.07447,121.52003
500103019,YouBike2.0_民權延平路口(西北側),大同區,25.06326,121.51099
500103020,YouBike2.0_民權迪化街口,大同區,25.06327,121.50943
500103021,YouBike2.0_大稻埕公園,大同區,25.05915,121.51033
500103022,YouBike2.0_大龍老人住宅,大同區,25.06853,121.51729
500103023,YouBike2.0_大龍峒社會住宅,大同區,25.0708,121.51826
500103024,YouBike2.0_捷運大橋頭站(2號出口),大同區,25.06314,121.51308
500103025,YouBike2.0_捷運大橋頭站(1A出口),大同區,25.06325,121.51162
500103026,YouBike2.0_捷運民權西路站(2號出口),大同區,25.06174,121.51969
500103027,YouBike2.0_捷運雙連站(2號出口),大同區,25.05826,121.52063
500103028,YouBike2.0_捷運北門站(3號出口),大同區,25.04991,121.5104
500103029,YouBike2.0_朝陽公園,大同區,25.05592,121.51367
500103030,YouBike2.0_永樂市場,大同區,25.05454,121.51052
500103031,YouBike2.0_大龍公園,大同區,25.07049,121.51596
500103032,YouBike2.0_重慶涼州街口,大同區,25.06054,121.51338
500103033,YouBike2.0_圓山線形公園,大同區,25.06867,121.51993
500103034,YouBike2.0_圓環站,大同區,25.05369,121.51418
500103035,YouBike2.0_重慶民族路口,大同區,25.06853,121.51359
500103036,YouBike2.0_承德路三段8巷口,大同區,25.06407,121.51822
500103037,YouBike2.0_太原廣場,大同區,25.04925,121.51468
500103038,YouBike2.0_國順公園,大同區,25.06594,121.51078
500103039,YouBike2.0_聯合醫院中興院區,大同區,25.05205,121.50818
500103040,YouBike2.0_蔣渭水紀念公園,大同區,25.06011,121.51729
500103041,YouBike2.0_迪化休閒運動公園,大同區,25.07491,121.5115
500103042,YouBike2.0_大同運動中心,大同區,25.06496,121.51608
500103043,YouBike2.0_重慶保安街口(家樂福重慶店),大同區,25.05918,121.51373
500103044,YouBike2.0_大稻埕碼頭,大同區,25.05662,121.50783
500103045,YouBike2.0_歸綏戲曲公園,大同區,25.05805,121.51353
500103046,YouBike2.0_民權國中(民權西路),大同區,25.06322,121.5144
500103047,YouBike2.0_承德民權路口,大同區,25.06247,121.51839
500103048,YouBike2.0_南京太原路口,大同區,25.05366,121.51638
500103049,YouBike2.0_承德民生西路口,大同區,25.05756,121.51828
500103050,YouBike2.0_太原五原路口,大同區,25.05646,121.51698
500103051,YouBike2.0_臺北轉運站(華陰街),大同區,25.04937,121.51914
500103052,YouBike2.0_捷運民權西路站(3號出口),大同區,25.06129,121.52021
500103053,YouBike2.0_捷運中山站(5號出口),大同區,25.05296,121.51938
500103054,YouBike2.0_重慶長安路口,大同區,25.0515,121.51398
500103055,YouBike2.0_承德昌吉街口,大同區,25.06587,121.51847
500103056,YouBike2.0_大同16號廣場,大同區,25.05658,121.50826
500103057,YouBike2.0_捷運圓山站(2號出口),大同區,25.07182,121.51929
500103058,YouBike2.0_樹德公園_1,大同區,25.06669,121.51615
500103059,YouBike2.0_承德鄭州路口(市民高架下),大同區,25.04879,121.51626
500103060,YouBike2.0_成淵高中,大同區,25.06036,121.51996
500103061,YouBike2.0_雙蓮國小,大同區,25.06157,121.51683
500103062,YouBike2.0_寧夏涼州街口,大同區,25.06095,121.51428
500103063,YouBike2.0_延平涼州街口,大同區,25.06092,121.51126
500103064,YouBike2.0_大同行政中心,大同區,25.06603,121.51481
500103065,YouBike2.0_大龍市場,大同區,25.07473,121.51451
500103066,YouBike2.0_南京西寧北路口(西北側),大同區,25.05348,121.50855
500103068,YouBike2.0_哈密街23巷19弄口,大同區,25.07563,121.51815
500103069,YouBike2.0_民權西路160巷口,大同區,25.06289,121.51544
500103070,YouBike2.0_重慶北路三段205巷口,大同區,25.06997,121.51388
500103071,YouBike2.0_承德路二段91巷口,大同區,25.05621,121.51847
500103072,YouBike2.0_酒泉庫倫街口,大同區,25.07194,121.51626
500103073,YouBike2.0_民族西大龍街口,大同區,25.06864,121.51559
500103074,YouBike2.0_承德路三段324巷口,大同區,25.07477,121.51977
500103075,YouBike2.0_玉泉公園(鄭州路),大同區,25.05044,121.50766
500103076,YouBike2.0_玉泉公園(忠孝西路),大同區,25.04888,121.50745
500103077,YouBike2.0_太平國小,大同區,25.06189,121.51343
500103078,YouBike2.0_明倫高中,大同區,25.07576,121.52011
500103079,YouBike2.0_伊寧重慶北路口,大同區,25.06465,121.51335
500103080,YouBike2.0_永樂國小,大同區,25.06174,121.50982
500103081,YouBike2.0_民權延平路口(西南側),大同區,25.06263,121.51107
500103082,YouBike2.0_捷運民權西路站(1號出口),大同區,25.06277,121.51933
500103083,YouBike2.0_承德路三段301巷,大同區,25.07535,121.52138
500103084,YouBike2.0_捷運圓山站(庫倫街61巷口),大同區,25.07197,121.51961
500103085,YouBike2.0_大龍國小地下停車場,大同區,25.07374,121.5173
500103086,YouBike2.0_捷運北門站(1號出口),大同區,25.04885,121.50988
500103087,YouBike2.0_重慶北路派出所,大同區,25.07553,121.5136
500103088,YouBike2.0_承德路三段251巷口,大同區,25.06993,121.51852
500103089,YouBike2.0_忠和公園,大同區,25.0581,121.50871
500104001,YouBike2.0_劍潭抽水站,士林區,25.08128,121.51784
500104002,YouBike2.0_通河東街大南路口,士林區,25.08914,121.51542
500104003,YouBike2.0_福港街停車場,士林區,25.08695,121.51901
500104004,YouBike2.0_百齡國小,士林區,25.08521,121.51918
500104005,YouBike2.0_雨聲街165巷口,士林區,25.10277,121.53357
500104006,YouBike2.0_天和公園,士林區,25.12011,121.53357
500104007,YouBike2.0_中山天母路口,士林區,25.11856,121.52964
500104008,YouBike2.0_天母運動公園,士林區,25.11633,121.53414
500104009,YouBike2.0_臺北市立大學(天母校區),士林區,25.11356,121.53718
500104010,YouBike2.0_忠誠路二段53巷,士林區,25.11127,121.53244
500104012,YouBike2.0_天母棒球場,士林區,25.11341,121.53195
500104013,YouBike2.0_天母北天玉街口,士林區,25.12011,121.52652
500104014,YouBike2.0_蘭興公園,士林區,25.11184,121.52589
500104015,YouBike2.0_明勝公園,士林區,25.08009,121.51895
500104016,YouBike2.0_劍潭海外青年活動中心,士林區,25.07994,121.52426
500104018,YouBike2.0_忠誠路一段173巷口,士林區,25.10813,121.5304
500104019,YouBike2.0_雨農國小,士林區,25.1054,121.5295
500104020,YouBike2.0_忠誠公園,士林區,25.10399,121.52593
500104021,YouBike2.0_芝山抽水站,士林區,25.10155,121.52832
500104022,YouBike2.0_至誠路一段305巷口,士林區,25.10186,121.53083
500104023,YouBike2.0_華齡公園,士林區,25.08302,121.52069
500104024,YouBike2.0_前港公園(福德宮),士林區,25.08671,121.52096
500104025,YouBike2.0_華齡街185巷口,士林區,25.08828,121.51985
500104026,YouBike2.0_前港公園(前港街),士林區,25.0848,121.52125
500104027,YouBike2.0_百齡高中,士林區,25.08736,121.52272
500104028,YouBike2.0_捷運芝山站(2號出口),士林區,25.10364,121.52219
500104029,YouBike2.0_臺灣戲曲中心,士林區,25.10208,121.51979
500104030,YouBike2.0_捷運劍潭站(2號出口),士林區,25.08388,121.52535
500104031,YouBike2.0_劍潭基河路口,士林區,25.08403,121.5249
500104032,YouBike2.0_志成公園,士林區,25.09716,121.53214
500104033,YouBike2.0_福林國小,士林區,25.09896,121.53025
500104034,YouBike2.0_中山中正路口,士林區,25.09651,121.52753
500104035,YouBike2.0_士林運動中心,士林區,25.08911,121.52154
500104036,YouBike2.0_陽明高中,士林區,25.09164,121.51706
500104037,YouBike2.0_兒童新樂園,士林區,25.09631,121.51449
500104038,YouBike2.0_臺北市立天文館,士林區,25.09598,121.51776
500104039,YouBike2.0_華聲公園,士林區,25.09619,121.5223
500104040,YouBike2.0_福林公園,士林區,25.09419,121.52833
500104041,YouBike2.0_捷運士林站(2號出口),士林區,25.09343,121.52642
500104042,YouBike2.0_銘傳大學,士林區,25.08771,121.52677
500104043,YouBike2.0_士林高商,士林區,25.09435,121.51702
500104044,YouBike2.0_蘭雅公園,士林區,25.10991,121.53039
500104045,YouBike2.0_聯合醫院陽明院區,士林區,25.10455,121.53195
500104046,YouBike2.0_捷運芝山站(1號出口),士林區,25.10225,121.52286
500104047,YouBike2.0_至誠公園,士林區,25.10143,121.53585
500104048,YouBike2.0_原住民文化主題公園,士林區,25.10113,121.55159
500104050,YouBike2.0_梅林新村,士林區,25.09755,121.54036
500104051,YouBike2.0_延平北中正路口,士林區,25.08678,121.50948
500104052,YouBike2.0_重慶北路四段190巷口,士林區,25.08505,121.51166
500104053,YouBike2.0_重慶北葫東街口,士林區,25.08393,121.51169
500104054,YouBike2.0_葫蘆國小,士林區,25.08254,121.5075
500104055,YouBike2.0_士林3號廣場,士林區,25.10459,121.52417
500104056,YouBike2.0_社正公園,士林區,25.08824,121.51054
500104057,YouBike2.0_社子國小,士林區,25.09186,121.50292
500104058,YouBike2.0_社中街384巷口,士林區,25.09346,121.50376
500104059,YouBike2.0_忠誠路一段138號,士林區,25.10641,121.52944
500104060,YouBike2.0_社子公園,士林區,25.0902,121.50622
500104061,YouBike2.0_國立故宮博物院,士林區,25.09833,121.54788
500104062,YouBike2.0_泰北高中,士林區,25.09763,121.53402
500104063,YouBike2.0_後港公園,士林區,25.09312,121.51419
500104064,YouBike2.0_重慶北路四段117號,士林區,25.08279,121.51219
500104065,YouBike2.0_社子島島頭公園,士林區,25.10893,121.46639
500104066,YouBike2.0_延平北路八段133巷口,士林區,25.10304,121.48297
500104067,YouBike2.0_坤天亭,士林區,25.1064,121.4836
500104068,YouBike2.0_社子島濕地解說小築,士林區,25.11314,121.48974
500104069,YouBike2.0_福安國中,士林區,25.10261,121.48819
500104070,YouBike2.0_福安消防分隊,士林區,25.09669,121.49706
500104071,YouBike2.0_聖山綠地,士林區,25.10696,121.53234
500104072,YouBike2.0_芝山國小,士林區,25.11044,121.53595
500104073,YouBike2.0_士林新天地,士林區,25.08899,121.51751
500104074,YouBike2.0_蘭雅國小,士林區,25.10775,121.52312
500104075,YouBike2.0_中正基河路口,士林區,25.09382,121.51921
500104076,YouBike2.0_福林公園(福林路),士林區,25.09587,121.53123
500104077,YouBike2.0_至善臨溪路口,士林區,25.09709,121.54229
500104078,YouBike2.0_市立圖書館葫蘆堵分館,士林區,25.08217,121.51074
500104079,YouBike2.0_東山路110巷口,士林區,25.11306,121.53945
500104080,YouBike2.0_永平社會住宅,士林區,25.08887,121.50314
500104081,YouBike2.0_雨農橋,士林區,25.10012,121.53253
500104082,YouBike2.0_通河街76巷/承德路四段10巷口,士林區,25.08019,121.5202
500104083,YouBike2.0_芝山聖佑宮,士林區,25.10455,121.53025
500104084,YouBike2.0_至誠雨聲街口,士林區,25.10199,121.52927
500104085,YouBike2.0_捷運線型公園(後街),士林區,25.09812,121.52449
500104086,YouBike2.0_天母公園,士林區,25.12408,121.53003
500104087,YouBike2.0_基河文林路口,士林區,25.08637,121.5247
500104088,YouBike2.0_文林福華路口,士林區,25.10094,121.52243
500104089,YouBike2.0_劍潭海外青年活動中心_1,士林區,25.0796,121.5237
500104090,YouBike2.0_社子國小_1,士林區,25.09029,121.50189
500104091,YouBike2.0_捷運劍潭站(1號出口),士林區,25.08577,121.52531
500104092,YouBike2.0_德行東山路口,士林區,25.1107,121.53999
500104094,YouBike2.0_重慶北通河西街口,士林區,25.08756,121.51177
500104095,YouBike2.0_葫蘆國小(延平北路五段285巷),士林區,25.08406,121.5067
500104096,YouBike2.0_社子市場,士林區,25.0881,121.50873
500104097,YouBike2.0_士林區農會社子分部,士林區,25.08912,121.5049
500104098,YouBike2.0_承德劍潭路口,士林區,25.0841,121.52341
500104099,YouBike2.0_文林路101巷口,士林區,25.08761,121.52608
500104100,YouBike2.0_延平北路五段257巷15弄口,士林區,25.08408,121.50959
500104101,YouBike2.0_延平北路五段257巷4弄口,士林區,25.08471,121.5089
500104102,YouBike2.0_啟明學校,士林區,25.11742,121.53472
500104103,YouBike2.0_中山福國路口,士林區,25.10203,121.52561
500104104,YouBike2.0_德行公園,士林區,25.10585,121.52376
500104105,YouBike2.0_承德後港街口,士林區,25.08238,121.52309
500104106,YouBike2.0_中山北路五段698巷口,士林區,25.09765,121.52757
500104107,YouBike2.0_捷運士林站(1號出口),士林區,25.09643,121.52519
500104108,YouBike2.0_捷運芝山站(2號出口)_1,士林區,25.10336,121.52263
500104109,YouBike2.0_銘傳大學(中山北路五段280巷口),士林區,25.08762,121.52711
500104110,YouBike2.0_海光公園南側,士林區,25.08036,121.5084
500104111,YouBike2.0_士商路40巷口,士林區,25.09013,121.52054
500104112,YouBike2.0_劍潭郵局,士林區,25.08182,121.52431
500104113,YouBike2.0_士東路91巷口,士林區,25.11247,121.52914
500104114,YouBike2.0_美崙公園,士林區,25.09677,121.51931
500104115,YouBike2.0_臺北市立大學(忠誠路二段207巷),士林區,25.11642,121.53743
500104116,YouBike2.0_天母東路8巷/忠誠路二段154巷口,士林區,25.11579,121.53113
500104117,YouBike2.0_美崙公園(東北側),士林區,25.09886,121.51835
500104118,YouBike2.0_福安河濱公園,士林區,25.09646,121.49358
500104119,YouBike2.0_忠誠忠義街口(北側),士林區,25.10566,121.52922
500104120,YouBike2.0_忠誠忠義街口(南側),士林區,25.10519,121.52869
500104121,YouBike2.0_士林國小,士林區,25.09204,121.52472
500104122,YouBike2.0_雙溪濕地公園,士林區,25.09762,121.51321
500104123,YouBike2.0_劍潭海外青年活動中心(志清大樓),士林區,25.07793,121.52357
500104124,YouBike2.0_天和一號公園,士林區,25.11836,121.53466
500104125,YouBike2.0_忠誠路二段178巷口,士林區,25.11633,121.53295
500104126,YouBike2.0_克強磺溪街口,士林區,25.10893,121.52319
500104128,YouBike2.0_蘭雅公園(西側),士林區,25.10985,121.52859
500104129,YouBike2.0_福林路100巷77弄口,士林區,25.09441,121.53285
500104130,YouBike2.0_福林路100巷11弄口,士林區,25.09601,121.53262
500104131,YouBike2.0_重慶北路四段190巷口(通河西街側),士林區,25.0848,121.51253
500104132,YouBike2.0_承德區民活動中心,士林區,25.07892,121.52157
500104133,YouBike2.0_福林路255巷口,士林區,25.09854,121.53528
500104134,YouBike2.0_中山北路五段378巷口,士林區,25.09064,121.52765
500104135,YouBike2.0_中山北路六段405巷,士林區,25.11576,121.52693
500104136,YouBike2.0_圓山育樂中心,士林區,25.08248,121.52548
500104137,YouBike2.0_至善公園,士林區,25.09862,121.53749
500104138,YouBike2.0_社子島抽水站,士林區,25.10844,121.49552
500104139,YouBike2.0_中山北路六段427巷口,士林區,25.11383,121.52698
500104140,YouBike2.0_士林分局,士林區,25.09033,121.52687
500104141,YouBike2.0_忠誠路二段98巷口,士林區,25.113,121.53128
500104142,YouBike2.0_東吳大學,士林區,25.095,121.54521
500104143,YouBike2.0_福志公園,士林區,25.10022,121.53438
500104144,YouBike2.0_德行東路331巷口,士林區,25.1106,121.53759
500104145,YouBike2.0_天母北路87巷9弄,士林區,25.12207,121.52731
500104146,YouBike2.0_重慶北路四段108號(通河西街側),士林區,25.08294,121.51293
500104147,YouBike2.0_臺灣戲曲中心(文林德行西路口),士林區,25.10288,121.5197
500104148,YouBike2.0_中山北路六段252巷口,士林區,25.10926,121.52544
500104149,YouBike2.0_志成中正路口,士林區,25.09655,121.53016
500104150,YouBike2.0_承德中正路口,士林區,25.09076,121.51708
500104151,YouBike2.0_士商中正路口(西南側),士林區,25.09149,121.51934
500104152,YouBike2.0_天母公園平面停車場,士林區,25.12518,121.53063
500104153,YouBike2.0_通河東街福港街262巷口,士林區,25.08407,121.51617
500104154,YouBike2.0_明安宮,士林區,25.10188,121.49616
500105001,YouBike2.0_台北花木批發市場,文山區,25.00402,121.54074
500105002,YouBike2.0_捷運萬隆站(4號出口),文山區,25.0027,121.53861
500105003,YouBike2.0_捷運萬隆站(1號出口),文山區,25.00115,121.53916
500105004,YouBike2.0_萬和二號公園,文山區,25.00154,121.5364
500105005,YouBike2.0_捷運萬隆站(2號出口),文山區,25.00144,121.53983
500105006,YouBike2.0_景仁公園,文山區,24.99621,121.54043
500105007,YouBike2.0_捷運景美站(2號出口),文山區,24.99366,121.54124
500105008,YouBike2.0_羅斯福景隆街口,文山區,24.99898,121.5403
500105009,YouBike2.0_景福街/羅斯福路6段142巷口,文山區,24.998336212959,121.53686287812
500105010,YouBike2.0_興旺公園,文山區,25.00587,121.55012
500105011,YouBike2.0_興福國中,文山區,25.00465,121.54916
500105012,YouBike2.0_興隆路2段203巷,文山區,25.00346,121.54709
500105013,YouBike2.0_景美運動公園,文山區,25.00219,121.54454
500105014,YouBike2.0_景美醫院,文山區,24.99136,121.54008
500105015,YouBike2.0_師範大學公館校區,文山區,25.00792,121.53731
500105016,YouBike2.0_景華街128巷口,文山區,24.99543,121.54725
500105017,YouBike2.0_仙跡岩登山口(景興路),文山區,24.99118,121.5436
500105018,YouBike2.0_國立政治大學,文山區,24.98737,121.57726
500105019,YouBike2.0_捷運動物園站,文山區,24.99873,121.57985
500105020,YouBike2.0_捷運木柵站,文山區,24.99798,121.57455
500105021,YouBike2.0_捷運萬芳社區站,文山區,24.99886,121.56769
500105022,YouBike2.0_文山運動中心,文山區,24.99676,121.5596
500105023,YouBike2.0_捷運辛亥站,文山區,25.00467,121.55684
500105024,YouBike2.0_興豐公園,文山區,24.99982,121.54761
500105025,YouBike2.0_木柵光輝路口,文山區,24.98816,121.55528
500105026,YouBike2.0_考試院,文山區,24.98747,121.54984
500105027,YouBike2.0_和興路26巷口,文山區,24.98573,121.54532
500105028,YouBike2.0_世新大學,文山區,24.98859,121.54336
500105029,YouBike2.0_一壽橋,文山區,24.97837,121.55548
500105030,YouBike2.0_臺北市立景美女中,文山區,24.98058,121.55624
500105031,YouBike2.0_永安藝文館_表演36房,文山區,24.98414,121.56907
500105032,YouBike2.0_忠順區民活動中心,文山區,24.98471,121.56332
500105033,YouBike2.0_景文中學,文山區,24.98574,121.56745
500105034,YouBike2.0_老泉街籃球場,文山區,24.97619,121.5583
500105035,YouBike2.0_文山行政中心,文山區,24.98959,121.56959
500105036,YouBike2.0_木柵公園,文山區,24.98718,121.56059
500105037,YouBike2.0_興隆公共住宅D2區,文山區,24.98814,121.56356
500105038,YouBike2.0_木新路3段95巷口,文山區,24.98088,121.56313
500105039,YouBike2.0_樟腳里公園,文山區,24.98181,121.56567
500105040,YouBike2.0_實踐國中,文山區,24.98301,121.55404
500105041,YouBike2.0_指南路3段2巷,文山區,24.98537,121.57959
500105042,YouBike2.0_萊茵公園,文山區,24.98642,121.56514
500105043,YouBike2.0_木柵社會住宅,文山區,24.98935,121.56651
500105044,YouBike2.0_秀明路一段185巷口,文山區,24.99151,121.56836
500105045,YouBike2.0_秀明路一段129巷口,文山區,24.99111,121.56703
500105046,YouBike2.0_恆光橋(老泉街),文山區,24.97989,121.56753
500105047,YouBike2.0_萬有3號公園,文山區,24.99889,121.5433
500105048,YouBike2.0_捷運萬芳醫院站(興隆路三段115巷),文山區,24.99939,121.55848
500105049,YouBike2.0_興得閱覽室,文山區,24.99579,121.55498
500105050,YouBike2.0_辛亥生態公園,文山區,25.00348,121.55642
500105051,YouBike2.0_博嘉運動公園,文山區,25.00079,121.57534
500105053,YouBike2.0_仙岩公園,文山區,24.99797,121.54982
500105054,YouBike2.0_政大一街口,文山區,24.98543,121.58006
500105055,YouBike2.0_文山第二行政中心,文山區,25.00115,121.55142
500105056,YouBike2.0_移民署訓練中心,文山區,24.99271,121.55865
500105057,YouBike2.0_海巡署(南側),文山區,24.99472,121.55949
500105058,YouBike2.0_明道國小東南側,文山區,24.98695,121.56456
500105059,YouBike2.0_木南公園,文山區,24.98662,121.57071
500105060,YouBike2.0_實踐國中(木新路三段310巷口),文山區,24.98339,121.55645
500105061,YouBike2.0_師範大學公館校區_1,文山區,25.00753,121.53719
500105063,YouBike2.0_政大水岸電梯,文山區,24.982,121.5717
500105064,YouBike2.0_敦南山林,文山區,25.00264,121.5768
500105066,YouBike2.0_景美污水抽水站,文山區,25.01076,121.53637
500105067,YouBike2.0_萬和三號公園(北側),文山區,25.00345,121.53636
500105068,YouBike2.0_景興國中,文山區,24.99609,121.54284
500105069,YouBike2.0_景仁公園_1,文山區,24.9966,121.5403
500105070,YouBike2.0_師大公館校區學二舍,文山區,25.00825,121.53419
500105071,YouBike2.0_景行公園,文山區,24.99279,121.54255
500105072,YouBike2.0_萬興國小,文山區,24.98939,121.57682
500105073,YouBike2.0_辛亥路四段77巷口,文山區,25.00743,121.55877
500105074,YouBike2.0_景興路42巷口,文山區,24.99696,121.54454
500105075,YouBike2.0_木柵路三段48巷,文山區,24.98768,121.56565
500105076,YouBike2.0_木柵路二段109巷,文山區,24.98944,121.56195
500105077,YouBike2.0_試院公園,文山區,24.98808,121.54723
500105079,YouBike2.0_樟樹公園,文山區,24.9825,121.55949
500105080,YouBike2.0_萬美萬安街口,文山區,25.00223,121.57039
500105081,YouBike2.0_興隆路二段203巷(敦南),文山區,25.00198,121.54856
500105082,YouBike2.0_新光秀明路口,文山區,24.99197,121.57371
500105083,YouBike2.0_光輝路134巷口,文山區,24.98532,121.55831
500105084,YouBike2.0_光輝公園,文山區,24.98655,121.5552
500105085,YouBike2.0_木新公園,文山區,24.98217,121.55782
500105086,YouBike2.0_興隆路二段275巷1弄口,文山區,25.00268,121.55277
500105087,YouBike2.0_中國科技大學,文山區,24.99925,121.55553
500105089,YouBike2.0_仙岩路22巷口,文山區,24.99892,121.54887
500105090,YouBike2.0_木柵萬芳路口,文山區,24.99509,121.57199
500105091,YouBike2.0_福興路78巷,文山區,25.00437,121.55048
500105092,YouBike2.0_辛亥木柵路口,文山區,24.98839,121.55238
500105093,YouBike2.0_興泰公園,文山區,25.00492,121.55582
500105094,YouBike2.0_興岩社會福利綜合大樓,文山區,25.00061,121.54941
500105095,YouBike2.0_興隆路二段22巷9弄口,文山區,24.99746,121.54543
500105096,YouBike2.0_木新路三段155巷口,文山區,24.98184,121.56125
500105097,YouBike2.0_景興路102巷口,文山區,24.99438,121.54376
500105098,YouBike2.0_景福街223巷,文山區,24.99442,121.53844
500105100,YouBike2.0_達賢圖書館,文山區,24.9884,121.57786
500105101,YouBike2.0_捷運木柵站(西側),文山區,24.9983,121.57279
500105102,YouBike2.0_世新大學(試院路),文山區,24.98981,121.54783
500105103,YouBike2.0_興隆社會住宅D1區,文山區,24.98783,121.55831
500105104,YouBike2.0_名門社區,文山區,25.00516,121.56757
500105106,YouBike2.0_政大國際會館,文山區,24.98994,121.57513
500105107,YouBike2.0_萬芳出租國宅,文山區,25.00335,121.5655
500105108,YouBike2.0_景美國小,文山區,24.9893,121.53976
500105109,YouBike2.0_景文街142巷口,文山區,24.98826,121.54065
500105110,YouBike2.0_保儀路142巷,文山區,24.98327,121.56515
500105111,YouBike2.0_和興水岸社會住宅,文山區,24.98505,121.54953
500105112,YouBike2.0_萬芳路107巷口,文山區,24.99715,121.56179
500105113,YouBike2.0_考選部國家考場,文山區,24.98703,121.54884
500105114,YouBike2.0_明道國小(明道國宅),文山區,24.98686,121.56301
500105115,YouBike2.0_興隆社會住宅A區,文山區,24.988,121.56018
500105116,YouBike2.0_景興路177巷,文山區,24.99275,121.54479
500105117,YouBike2.0_捷運景美站(1號出口),文山區,24.99274,121.5409
500105118,YouBike2.0_秀明路二段92巷口,文山區,24.99155,121.57635
500105119,YouBike2.0_樟新社會住宅,文山區,24.97735,121.55603
500105120,YouBike2.0_忠順路二段57巷口,文山區,24.98484,121.56456
500105121,YouBike2.0_景豐公園,文山區,24.99984,121.54489
500105122,YouBike2.0_樟新區民活動中心,文山區,24.97942,121.55656
500105123,YouBike2.0_貓空纜車動物園站,文山區,24.99645,121.57603
500105124,YouBike2.0_保儀公園(興隆路四段195巷),文山區,24.98326,121.56307
500105125,YouBike2.0_景新大樓,文山區,24.99005,121.54236
500105126,YouBike2.0_文山溪洲福德宮,文山區,25.00622,121.53421
500106001,YouBike2.0_臺北自來水事業處,中正區,25.013741,121.53068
500106003,YouBike2.0_捷運公館站(1號出口),中正區,25.014529,121.534374
500106004,YouBike2.0_捷運公館站(4號出口),中正區,25.015069,121.533828
500106005,YouBike2.0_捷運古亭站(9號出口),中正區,25.02694,121.52224
500106006,YouBike2.0_捷運古亭站(2號出口),中正區,25.0255,121.52346
500106007,YouBike2.0_捷運臺電大樓站(1號出口),中正區,25.0197,121.529
500106008,YouBike2.0_客家文化主題公園,中正區,25.02069,121.52456
500106009,YouBike2.0_河堤國小,中正區,25.02277,121.52289
500106010,YouBike2.0_紀州庵,中正區,25.02092,121.52049
500106011,YouBike2.0_捷運臺電大樓站(5號出口),中正區,25.02075,121.52771
500106012,YouBike2.0_捷運臺電大樓站(4號出口),中正區,25.02102,121.52751
500106013,YouBike2.0_羅斯福三段金門街口,中正區,25.02345,121.52498
500106014,YouBike2.0_牯嶺公園,中正區,25.02338,121.51889
500106015,YouBike2.0_捷運古亭站(8號出口),中正區,25.02701,121.52164
500106016,YouBike2.0_捷運古亭站(7號出口),中正區,25.02805,121.52155
500106017,YouBike2.0_南昌公園,中正區,25.02698,121.52081
500106018,YouBike2.0_和平重慶路口,中正區,25.02723,121.51659
500106019,YouBike2.0_孫立人將軍官邸,中正區,25.02933,121.51854
500106020,YouBike2.0_羅斯福路二段6巷口,中正區,25.02923,121.52058
500106021,YouBike2.0_金華杭州南路口,中正區,25.031,121.52211
500106022,YouBike2.0_捷運中正紀念堂站(3號出口),中正區,25.03239,121.51866
500106023,YouBike2.0_捷運中正紀念堂站(4號出口),中正區,25.03376,121.51772
500106025,YouBike2.0_螢橋國小,中正區,25.02609,121.51389
500106026,YouBike2.0_古亭智慧圖書館,中正區,25.02543,121.51052
500106027,YouBike2.0_永昌公園,中正區,25.02643,121.50936
500106028,YouBike2.0_中華路二段409巷口,中正區,25.02598,121.50806
500106029,YouBike2.0_南機場夜市(中華路二段),中正區,25.02886,121.50518
500106030,YouBike2.0_南海和平路口西南側,中正區,25.03024,121.50904
500106031,YouBike2.0_莒光和平路口,中正區,25.03132,121.50745
500106037,YouBike2.0_水源路11_1號旁,中正區,25.01602,121.52565
500106038,YouBike2.0_南門國中,中正區,25.03543,121.50834
500106039,YouBike2.0_捷運小南門站(2號出口),中正區,25.03567,121.51006
500106040,YouBike2.0_介壽公園,中正區,25.03907,121.5138
500106041,YouBike2.0_中華貴陽街口,中正區,25.03938,121.50772
500106042,YouBike2.0_華山文創園區,中正區,25.04367,121.52849
500106043,YouBike2.0_捷運善導寺站(1號出口),中正區,25.04527,121.5222
500106044,YouBike2.0_濟南紹興路口,中正區,25.04193,121.52459
500106046,YouBike2.0_林森仁愛路口,中正區,25.03915,121.52163
500106047,YouBike2.0_中正運動中心,中正區,25.03786,121.51985
500106048,YouBike2.0_信義杭州路口,中正區,25.0357,121.5241
500106049,YouBike2.0_捷運善導寺站(3號出口),中正區,25.04428,121.52336
500106050,YouBike2.0_捷運小南門站(1號出口),中正區,25.03648,121.50951
500106051,YouBike2.0_延平南路133巷口,中正區,25.03792,121.50846
500106052,YouBike2.0_捷運西門站(2號出口),中正區,25.0416,121.50842
500106053,YouBike2.0_寶慶博愛路口,中正區,25.04129,121.5112
500106054,YouBike2.0_法務部,中正區,25.03705,121.51249
500106055,YouBike2.0_臺北市立大學(博愛校區),中正區,25.03545,121.51327
500106056,YouBike2.0_國家圖書館,中正區,25.03763,121.51709
500106057,YouBike2.0_市民金山路口,中正區,25.0459,121.53068
500106058,YouBike2.0_聯合醫院和平院區,中正區,25.03516,121.50641
500106059,YouBike2.0_中山堂,中正區,25.04412,121.51025
500106060,YouBike2.0_中華漢口街口,中正區,25.04533,121.50944
500106061,YouBike2.0_中華路一段21巷口,中正區,25.04677,121.50989
500106062,YouBike2.0_捷運臺大醫院站(4號出口),中正區,25.04297,121.51643
500106063,YouBike2.0_寶藏巖觀音亭,中正區,25.01027,121.5331
500106064,YouBike2.0_師大水源路口,中正區,25.0203,121.52302
500106065,YouBike2.0_中山徐州路口,中正區,25.04178,121.51907
500106066,YouBike2.0_信義連雲街口,中正區,25.03377,121.53041
500106067,YouBike2.0_臺北轉運站,中正區,25.04842,121.51994
500106068,YouBike2.0_莒光大埔街口,中正區,25.03132,121.50519
500106069,YouBike2.0_捷運忠孝新生站(2號出口),中正區,25.04235,121.53222
500106070,YouBike2.0_光華商場,中正區,25.04478,121.53274
500106071,YouBike2.0_中山青島路口,中正區,25.04503,121.51968
500106072,YouBike2.0_捷運中正紀念堂站(5號出口),中正區,25.03526,121.5168
500106073,YouBike2.0_北平東杭州北路口,中正區,25.04553,121.52736
500106074,YouBike2.0_王貫英先生紀念圖書館,中正區,25.02266,121.52362
500106075,YouBike2.0_金山信義路口,中正區,25.03443,121.52721
500106077,YouBike2.0_林森徐州路口,中正區,25.04094,121.52215
500106078,YouBike2.0_徐州杭州路口,中正區,25.04023,121.52565
500106079,YouBike2.0_捷運中正紀念堂站(6號出口),中正區,25.03615,121.5166
500106080,YouBike2.0_捷運臺北車站(M2出口),中正區,25.04821,121.51903
500106083,YouBike2.0_臺北市國父史蹟館(逸仙公園),中正區,25.04779,121.52042
500106084,YouBike2.0_捷運西門站(5號出口),中正區,25.04244,121.50864
500106085,YouBike2.0_弘道國中,中正區,25.03828,121.51524
500106086,YouBike2.0_臺北市第一女子高級中學,中正區,25.0385,121.51288
500106087,YouBike2.0_台北市替代役中心,中正區,25.01808,121.5275
500106088,YouBike2.0_紹興徐州路口,中正區,25.04051,121.52401
500106089,YouBike2.0_羅斯福寧波東街口,中正區,25.03145,121.51941
500106090,YouBike2.0_自來水園區,中正區,25.01328,121.53004
500106091,YouBike2.0_仁愛林森路口,中正區,25.03895,121.52233
500106092,YouBike2.0_捷運西門站(3號出口),中正區,25.04178,121.50869
500106093,YouBike2.0_仁愛金山路口,中正區,25.0384,121.52801
500106094,YouBike2.0_杭州南路一段101巷口,中正區,25.03746,121.52799
500106095,YouBike2.0_仁愛杭州路口,中正區,25.03846,121.52497
500106096,YouBike2.0_龍興里活動中心,中正區,25.02815,121.51108
500106097,YouBike2.0_植物園,中正區,25.0299,121.51033
500106098,YouBike2.0_郵政博物館,中正區,25.03158,121.51464
500106099,YouBike2.0_林森北平路口,中正區,25.04659,121.52377
500106100,YouBike2.0_北平紹興路口,中正區,25.04597,121.52579
500106101,YouBike2.0_天津北平路口,中正區,25.04692,121.52208
500106102,YouBike2.0_捷運忠孝新生站(1號出口),中正區,25.04272,121.53207
500106103,YouBike2.0_捷運忠孝新生站(5號出口),中正區,25.04113,121.53273
500106104,YouBike2.0_捷運臺大醫院站(1號出口),中正區,25.04074,121.51586
500106105,YouBike2.0_臺大醫院兒童醫院,中正區,25.04461,121.5188
500106106,YouBike2.0_林森濟南路口(東北側),中正區,25.0425,121.5227
500106107,YouBike2.0_仁愛紹興街口(南側),中正區,25.03837,121.52345
500106108,YouBike2.0_中華南海路口,中正區,25.02703,121.50686
500106109,YouBike2.0_立法院台北會館,中正區,25.03371,121.51068
500106110,YouBike2.0_捷運善導寺站(3號出口)(忠孝東路側),中正區,25.04467,121.52357
500106111,YouBike2.0_國家音樂廳,中正區,25.03788,121.51904
500106112,YouBike2.0_忠孝西重慶南路口,中正區,25.04724,121.51272
500106113,YouBike2.0_濟南路二段8巷口,中正區,25.04127,121.52697
500106114,YouBike2.0_仁愛金山路口(東南側),中正區,25.03811,121.52855
500106115,YouBike2.0_臺灣文學基地,中正區,25.04148,121.5287
500106116,YouBike2.0_重慶南詔安街口,中正區,25.02507,121.51645
500106117,YouBike2.0_文光公園,中正區,25.03898,121.53058
500106118,YouBike2.0_捷運中正紀念堂站(2號出口),中正區,25.03212,121.51861
500106119,YouBike2.0_螢圃里小公園,中正區,25.02484,121.51973
500106120,YouBike2.0_螢橋公園,中正區,25.02682,121.51737
500106121,YouBike2.0_泉州寧波西街口,中正區,25.02965,121.51415
500106122,YouBike2.0_和平西路二段98巷口,中正區,25.0289,121.5097
500106123,YouBike2.0_仁愛新生路口(西南側),中正區,25.03796,121.53261
500106124,YouBike2.0_幸安市場,中正區,25.04032,121.53141
500106125,YouBike2.0_龍口市場,中正區,25.0275,121.51013
500106126,YouBike2.0_捷運善導寺站(5號出口),中正區,25.04418,121.52552
500106127,YouBike2.0_青島杭州路口,中正區,25.04281,121.52629
500106128,YouBike2.0_詔安街37巷口,中正區,25.02542,121.51233
500106129,YouBike2.0_南海路112巷口,中正區,25.02757,121.50771
500106130,YouBike2.0_牯嶺街95巷,中正區,25.0255,121.52067
500106131,YouBike2.0_仁愛紹興路口(北側),中正區,25.03862,121.52385
500106132,YouBike2.0_貴陽博愛路口,中正區,25.03896,121.51093
500106133,YouBike2.0_國立臺灣博物館南門館,中正區,25.03351,121.5156
500106134,YouBike2.0_汀州路一段106巷口,中正區,25.03008,121.50768
500106135,YouBike2.0_羅斯福路四段108巷口,中正區,25.01346,121.5355
500106136,YouBike2.0_公館水岸廣場,中正區,25.01193,121.52861
500106137,YouBike2.0_捷運小南門站(3號出口),中正區,25.03532,121.51117
500106138,YouBike2.0_臨沂街停車場,中正區,25.0426,121.53006
500106142,YouBike2.0_愛國東羅斯福路口,中正區,25.03454,121.51733
500106143,YouBike2.0_螢橋國中,中正區,25.01933,121.52582
500106144,YouBike2.0_立法院中興大樓,中正區,25.04278,121.52119
500106145,YouBike2.0_汀州南海路口,中正區,25.0288,121.50875
500106146,YouBike2.0_捷運中正紀念堂站(7號出口),中正區,25.03465,121.5156
500106147,YouBike2.0_羅斯福路三段210巷口,中正區,25.01884,121.52994
500106149,YouBike2.0_忠義實小,中正區,25.02968,121.50631
500106150,YouBike2.0_中華路二段313巷口,中正區,25.02816,121.50574
500107001,YouBike2.0_通北街65巷口,中山區,25.08251,121.54004
500107002,YouBike2.0_圓山風景區,中山區,25.07805,121.5295
500107003,YouBike2.0_樂群二堤頂大道口,中山區,25.0803,121.56251
500107004,YouBike2.0_劍潭社區,中山區,25.08524,121.53748
500107005,YouBike2.0_培英公園,中山區,25.08258,121.54462
500107006,YouBike2.0_樂群二明水路口,中山區,25.08009,121.55226
500107007,YouBike2.0_北安大直街口,中山區,25.08474,121.54968
500107008,YouBike2.0_捷運劍南路站(2號出口),中山區,25.084751813542,121.555090270105
500107009,YouBike2.0_樂群二敬業三路口,中山區,25.07985,121.55609
500107010,YouBike2.0_樂群二敬業四路口,中山區,25.07976,121.55813
500107011,YouBike2.0_捷運大直站(3號出口),中山區,25.07923,121.5473
500107012,YouBike2.0_復興市民路口,中山區,25.04585,121.54375
500107013,YouBike2.0_南京遼寧街口,中山區,25.05176,121.54217
500107014,YouBike2.0_伊通長安路口,中山區,25.04833,121.53469
500107015,YouBike2.0_新生長安路口,中山區,25.04861,121.52935
500107016,YouBike2.0_市民林森路口,中山區,25.04765,121.52589
500107017,YouBike2.0_南京新生路口,中山區,25.05194,121.52766
500107018,YouBike2.0_一江公園,中山區,25.05316,121.53146
500107019,YouBike2.0_松江公園,中山區,25.05025,121.53273
500107020,YouBike2.0_新生長春路口,中山區,25.05639,121.52752
500107021,YouBike2.0_第二果菜批發市場,中山區,25.06642,121.53735
500107022,YouBike2.0_民生建國路口,中山區,25.05778,121.53692
500107023,YouBike2.0_興安華城,中山區,25.05606,121.54175
500107024,YouBike2.0_捷運中山國中站,中山區,25.06106,121.54406
500107025,YouBike2.0_龍江錦州街口,中山區,25.06045,121.54077
500107026,YouBike2.0_建國長春路口,中山區,25.05469,121.53686
500107027,YouBike2.0_南京建國路口,中山區,25.05214,121.5368
500107028,YouBike2.0_捷運松江南京站(7號出口),中山區,25.05246,121.5332
500107029,YouBike2.0_朱崙商場,中山區,25.04762,121.54043
500107030,YouBike2.0_中吉公園,中山區,25.05604,121.53166
500107031,YouBike2.0_華山公園,中山區,25.0471,121.5277
500107032,YouBike2.0_建國北路一段17巷,中山區,25.04699,121.53735
500107033,YouBike2.0_江寧公園,中山區,25.0617,121.53925
500107034,YouBike2.0_民權龍江路口,中山區,25.06225,121.54107
500107035,YouBike2.0_捷運中山國小站(2號出口),中山區,25.06246,121.52705
500107036,YouBike2.0_捷運行天宮站(3號出口),中山區,25.05992,121.5333
500107037,YouBike2.0_林森農安街口,中山區,25.06531,121.52565
500107038,YouBike2.0_捷運中山國小站(4號出口),中山區,25.06283,121.52697
500107039,YouBike2.0_農安雙城街口,中山區,25.06491,121.52449
500107040,YouBike2.0_新生德惠街口,中山區,25.06652,121.52762
500107041,YouBike2.0_民族林森路口,中山區,25.06847,121.52559
500107042,YouBike2.0_臺北市立美術館,中山區,25.06987,121.52291
500107043,YouBike2.0_中山民族路口,中山區,25.06816,121.52265
500107044,YouBike2.0_新生高架停車場(林森北路107巷口),中山區,25.04983,121.52853
500107045,YouBike2.0_南京林森路口,中山區,25.05201,121.52556
500107046,YouBike2.0_仁德公園,中山區,25.05337,121.5289
500107047,YouBike2.0_中原公園,中山區,25.05583,121.52821
500107048,YouBike2.0_下埤公園,中山區,25.06682,121.54213
500107049,YouBike2.0_五常國中,中山區,25.06505,121.54366
500107050,YouBike2.0_榮星花園,中山區,25.06424,121.54037
500107051,YouBike2.0_民權建國路口,中山區,25.06251,121.53765
500107052,YouBike2.0_松江路431巷口,中山區,25.06585,121.53338
500107053,YouBike2.0_新喜公園,中山區,25.06533,121.53177
500107054,YouBike2.0_吉林路407巷口,中山區,25.06595,121.53041
500107055,YouBike2.0_民族松江路口,中山區,25.06833,121.5328
500107056,YouBike2.0_林安泰古厝,中山區,25.07154,121.53058
500107058,YouBike2.0_渭水八德路口,中山區,25.04573,121.53508
500107059,YouBike2.0_捷運中山站(2號出口),中山區,25.05228,121.52176
500107060,YouBike2.0_撫順公園,中山區,25.06416,121.52203
500107061,YouBike2.0_新生公園,中山區,25.06839,121.53032
500107062,YouBike2.0_捷運行天宮站(1號出口),中山區,25.05867,121.53305
500107063,YouBike2.0_林森長春路口,中山區,25.05497,121.52536
500107064,YouBike2.0_建國農安街口,中山區,25.06503,121.53678
500107065,YouBike2.0_松江路77巷口,中山區,25.04985,121.53312
500107066,YouBike2.0_建國長安路口,中山區,25.04836,121.53669
500107067,YouBike2.0_市民新生路口,中山區,25.04611,121.53193
500107068,YouBike2.0_民權吉林路口,中山區,25.06269,121.53061
500107069,YouBike2.0_中山農安街口,中山區,25.0651,121.5224
500107070,YouBike2.0_捷運行政大樓,中山區,25.05575,121.52168
500107071,YouBike2.0_中吉公園(松江路188巷),中山區,25.0568,121.53191
500107072,YouBike2.0_吉林路123巷口,中山區,25.05731,121.53021
500107075,YouBike2.0_國立臺北大學(臺北校區),中山區,25.05806,121.54304
500107076,YouBike2.0_錦州吉林路口,中山區,25.06028,121.52991
500107078,YouBike2.0_永盛公園(民生東路一段23巷),中山區,25.05873,121.52488
500107079,YouBike2.0_新生錦州街口,中山區,25.05955,121.52744
500107080,YouBike2.0_濱江街199巷口,中山區,25.0734,121.53985
500107081,YouBike2.0_大佳社區公園,中山區,25.07275,121.5373
500107082,YouBike2.0_濱江果菜市場,中山區,25.06807,121.53673
500107083,YouBike2.0_興安合江路口,中山區,25.05619,121.53949
500107084,YouBike2.0_復興北路514巷口東側,中山區,25.06597,121.54117
500107085,YouBike2.0_台泥大樓,中山區,25.06142,121.52305
500107086,YouBike2.0_植福樂群路口,中山區,25.08303,121.5604
500107087,YouBike2.0_新興公園,中山區,25.06157,121.52439
500107088,YouBike2.0_南京伊通街口,中山區,25.05189,121.53517
500107089,YouBike2.0_南京龍江路口,中山區,25.05205,121.54012
500107090,YouBike2.0_撫順街41巷(崇德宮前),中山區,25.06389,121.51916
500107091,YouBike2.0_臺北市立圖書館大直分館,中山區,25.08152,121.54646
500107092,YouBike2.0_捷運大直站(1號出口),中山區,25.0801,121.54708
500107093,YouBike2.0_捷運松江南京站(4號出口),中山區,25.0512,121.53312
500107095,YouBike2.0_中429公園,中山區,25.07864,121.55557
500107096,YouBike2.0_長春路137巷口,中山區,25.05791,121.53114
500107097,YouBike2.0_松江民生路口,中山區,25.05765,121.53299
500107098,YouBike2.0_松江路132巷口,中山區,25.05277,121.53013
500107099,YouBike2.0_長春吉林路口,中山區,25.05481,121.53032
500107100,YouBike2.0_長春一江街口,中山區,25.05488,121.53142
500107101,YouBike2.0_捷運松江南京站(8號出口),中山區,25.05215,121.53276
500107102,YouBike2.0_南京一江街口,中山區,25.05215,121.53171
500107103,YouBike2.0_松江長春路口,中山區,25.05499,121.53295
500107104,YouBike2.0_經國七海文化園區,中山區,25.07802,121.53511
500107105,YouBike2.0_民族玉門街口,中山區,25.06873,121.52003
500107106,YouBike2.0_新生農安街口,中山區,25.06493,121.52778
500107107,YouBike2.0_稻江高級護理家事職業學校,中山區,25.06532,121.52848
500107108,YouBike2.0_捷運大直站(3號出口)_1,中山區,25.07934,121.54671
500107109,YouBike2.0_樂群二明水路口_1,中山區,25.07983,121.55236
500107110,YouBike2.0_民權吉林路口(南側),中山區,25.06245,121.53043
500107111,YouBike2.0_長春龍江路口,中山區,25.05473,121.54026
500107112,YouBike2.0_民權新生路口,中山區,25.06305,121.52776
500107113,YouBike2.0_建國長春路口(北側),中山區,25.05476,121.53693
500107114,YouBike2.0_中山行政中心,中山區,25.06432,121.53349
500107115,YouBike2.0_臺北市立美術館_1,中山區,25.07063,121.52327
500107116,YouBike2.0_劍潭社區_1,中山區,25.08476,121.53789
500107117,YouBike2.0_濱江國小游泳池,中山區,25.07818,121.56175
500107118,YouBike2.0_林森公園,中山區,25.05223,121.52581
500107119,YouBike2.0_中428公園,中山區,25.07825,121.55337
500107120,YouBike2.0_復華公園,中山區,25.05339,121.5401
500107121,YouBike2.0_新生民族路口(西南側),中山區,25.06819,121.52767
500107122,YouBike2.0_捷運南京復興站(1號出口),中山區,25.05253,121.54256
500107123,YouBike2.0_八德市場(北側),中山區,25.04478,121.53661
500107124,YouBike2.0_龍江朱崙街口,中山區,25.05004,121.54043
500107125,YouBike2.0_大直街94巷,中山區,25.08431,121.54755
500107126,YouBike2.0_捷運南京復興站(8號出口),中山區,25.05196,121.5433
500107127,YouBike2.0_民權建國路口(南側),中山區,25.06228,121.53702
500107128,YouBike2.0_林森德惠街口,中山區,25.06688,121.5257
500107129,YouBike2.0_新生濱江街口(東南側),中山區,25.07059,121.52812
500107130,YouBike2.0_新生北路一段62巷口,中山區,25.04699,121.53075
500107131,YouBike2.0_新生長春路口(東北側),中山區,25.05532,121.52769
500107132,YouBike2.0_捷運劍南路站(1號出口),中山區,25.08519,121.55498
500107133,YouBike2.0_樂群三路123號,中山區,25.08271,121.55514
500107134,YouBike2.0_長春路258巷2弄口,中山區,25.05427,121.53896
500107135,YouBike2.0_長寧大廈社區(南側),中山區,25.05418,121.54332
500107136,YouBike2.0_建國五常街口,中山區,25.06419,121.53732
500107137,YouBike2.0_中山北路二段62巷口,中山區,25.05676,121.52268
500107138,YouBike2.0_市民安東街口,中山區,25.0448,121.54213
500107139,YouBike2.0_市民大道二段5巷口,中山區,25.04812,121.52166
500107140,YouBike2.0_捷運中山站(3號出口),中山區,25.05236,121.52212
500107141,YouBike2.0_建國北路高架橋下停車場G區,中山區,25.05959,121.53682
500107142,YouBike2.0_朱崙公園,中山區,25.04919,121.54198
500107143,YouBike2.0_朱崙復興北路口,中山區,25.04992,121.54379
500107144,YouBike2.0_捷運行天宮站(4號出口),中山區,25.06037,121.53283
500107145,YouBike2.0_建國北路三段86巷口,中山區,25.06617,121.53526
500107146,YouBike2.0_正守公園,中山區,25.04808,121.52898
500107147,YouBike2.0_四平松江路口,中山區,25.05366,121.53282
500107149,YouBike2.0_北安通北街口,中山區,25.07965,121.54148
500107150,YouBike2.0_民權東復興北路口(西北側),中山區,25.06246,121.54323
500107151,YouBike2.0_臺北市立大同高中,中山區,25.05484,121.53521
500107152,YouBike2.0_中崙加油站,中山區,25.04634,121.53979
500107153,YouBike2.0_北安明水路口(自強隧道),中山區,25.08578,121.55225
500107154,YouBike2.0_中正國小(南京東路三段48巷),中山區,25.05126,121.53845
500107155,YouBike2.0_臺北時代廣場,中山區,25.08044,121.56152
500107156,YouBike2.0_吉林農安街口(西北側),中山區,25.06493,121.53034
500107157,YouBike2.0_濱江國中,中山區,25.0793,121.56178
500107158,YouBike2.0_環山抽水站,中山區,25.07734,121.5631
500107159,YouBike2.0_民權中山路口(東北側),中山區,25.06292,121.52299
500107160,YouBike2.0_復興五常街口(西南側),中山區,25.06409,121.54415
500107161,YouBike2.0_松江長安路口,中山區,25.04819,121.53282
500107162,YouBike2.0_長安國小,中山區,25.05018,121.53008
500107163,YouBike2.0_中山市場,中山區,25.05007,121.52107
500107164,YouBike2.0_捷運雙連站(1號出口),中山區,25.05767,121.52097
500107165,YouBike2.0_吉林南京路口(西北側),中山區,25.05234,121.53003
500107166,YouBike2.0_龍江路345巷,中山區,25.06339,121.54116
500107167,YouBike2.0_捷運劍南路站(3號出口),中山區,25.08444,121.55657
500107168,YouBike2.0_一江南京東路口(西南側),中山區,25.05181,121.53146
500107169,YouBike2.0_大直抽水站公車站,中山區,25.07756,121.54556
500107170,YouBike2.0_民權東路三段39巷口,中山區,25.06596,121.54259
500107171,YouBike2.0_臺北市立中山女高,中山區,25.04841,121.53889
500107172,YouBike2.0_朱昌公園,中山區,25.0554,121.53908
500107173,YouBike2.0_林森公園東北側,中山區,25.05381,121.52674
500107174,YouBike2.0_康樂公園西北側,中山區,25.05377,121.52456
500107175,YouBike2.0_中山北德惠街口,中山區,25.06671,121.52257
500107176,YouBike2.0_晴光公園,中山區,25.06411,121.52446
500107177,YouBike2.0_松江路25巷口,中山區,25.04628,121.53304
500107178,YouBike2.0_民生東合江街口,中山區,25.05777,121.53951
500107179,YouBike2.0_飛航服務總臺,中山區,25.07241,121.55117
500107180,YouBike2.0_內湖堤頂大道(西南側),中山區,25.08462,121.56016
500107181,YouBike2.0_大直派出所,中山區,25.07913,121.54422
500107182,YouBike2.0_遼寧民生路口,中山區,25.05751,121.54215
500107183,YouBike2.0_松江路184巷口,中山區,25.05623,121.53296
500107184,YouBike2.0_民權東路三段60巷,中山區,25.06058,121.54236
500107185,YouBike2.0_長春路258巷2弄(北側),中山區,25.05474,121.5383
500107186,YouBike2.0_中山北路二段96巷口,中山區,25.0598,121.52253
500107187,YouBike2.0_吉林路236巷口,中山區,25.05931,121.53025
500107188,YouBike2.0_上塔悠公園(明水路),中山區,25.07767,121.55205
500107189,YouBike2.0_中山民生東路口(東南側),中山區,25.05778,121.52299
500107190,YouBike2.0_中山北路二段26巷,中山區,25.05392,121.52066
500107191,YouBike2.0_八德路二段210巷口,中山區,25.04478,121.53958
500107192,YouBike2.0_長安林森路口公車站,中山區,25.04882,121.52589
500107193,YouBike2.0_市民大道二段67巷口,中山區,25.04652,121.5296
500107194,YouBike2.0_德惠雙城街口(西側),中山區,25.0667,121.5242
500107195,YouBike2.0_北安路608巷明水路口,中山區,25.08194,121.55124
500107196,YouBike2.0_新生林森北路485巷口,中山區,25.06114,121.52745
500107197,YouBike2.0_新壽公園,中山區,25.06313,121.53015
500107198,YouBike2.0_復興北路430巷,中山區,25.06341,121.54353
500107199,YouBike2.0_林森錦州街口,中山區,25.06051,121.52566
500107200,YouBike2.0_臺北市立美術館(中山北路三段),中山區,25.07177,121.52395
500107201,YouBike2.0_臺北市立美術館(新生北路三段),中山區,25.07255,121.52529
500107202,YouBike2.0_南京新生路口(北側),中山區,25.0522,121.52768
500107203,YouBike2.0_永安國小(北安路554巷),中山區,25.08002,121.54983
500107204,YouBike2.0_敬業一路36巷口,中山區,25.08131,121.55443
500107205,YouBike2.0_經濟部能源署,中山區,25.04792,121.54379
500107206,YouBike2.0_松江路372巷口,中山區,25.06304,121.53289
500108001,YouBike2.0_文湖街21巷118弄口,內湖區,25.09122,121.55961
500108002,YouBike2.0_北勢湖環保公園,內湖區,25.08378,121.56208
500108003,YouBike2.0_洲子一號公園,內湖區,25.07977,121.56454
500108004,YouBike2.0_西康公園,內湖區,25.08284,121.56449
500108005,YouBike2.0_文湖國小,內湖區,25.08637,121.56088
500108006,YouBike2.0_文湖街81巷10號西側,內湖區,25.08697,121.5641
500108007,YouBike2.0_德明財經科技大學,內湖區,25.08637,121.56574
500108008,YouBike2.0_麗山國小,內湖區,25.0826,121.57158
500108009,YouBike2.0_麗山高中,內湖區,25.08398,121.57725
500108010,YouBike2.0_港華五號公園,內湖區,25.08522,121.57462
500108011,YouBike2.0_大湖國小,內湖區,25.08803,121.59958
500108012,YouBike2.0_安湖三號公園,內湖區,25.07021,121.61593
500108013,YouBike2.0_東湖路113巷95弄,內湖區,25.07177,121.61491
500108014,YouBike2.0_瑞光計程車服務站,內湖區,25.0745,121.57389
500108015,YouBike2.0_文德三號公園(江南街71巷16弄),內湖區,25.07524,121.5772
500108016,YouBike2.0_捷運大湖公園站(2號出口),內湖區,25.08395,121.60185
500108018,YouBike2.0_康寧星雲街口,內湖區,25.07958,121.59336
500108019,YouBike2.0_星雲街47號,內湖區,25.07864,121.59177
500108020,YouBike2.0_捷運西湖站(1號出口),內湖區,25.08301,121.56638
500108021,YouBike2.0_捷運西湖站(2號出口),內湖區,25.08205,121.56716
500108022,YouBike2.0_洲子二號公園,內湖區,25.07932,121.56869
500108023,YouBike2.0_港都公園,內湖區,25.08296,121.5752
500108024,YouBike2.0_環山路二段26巷口,內湖區,25.08598,121.572
500108025,YouBike2.0_成功金龍路口,內湖區,25.08436,121.59478
500108026,YouBike2.0_碧山公園,內湖區,25.0878,121.59227
500108027,YouBike2.0_金瑞公園,內湖區,25.08785,121.5879
500108028,YouBike2.0_捷運文德站(2號出口),內湖區,25.07842,121.58464
500108029,YouBike2.0_陽光公園,內湖區,25.07695,121.58764
500108030,YouBike2.0_文德二號公園(南側),內湖區,25.07504,121.58375
500108031,YouBike2.0_文德二號公園(北側),內湖區,25.07758,121.58381
500108032,YouBike2.0_瑞陽公園,內湖區,25.07777,121.57961
500108033,YouBike2.0_湖光國宅,內湖區,25.07538,121.58079
500108035,YouBike2.0_南京東路六段180號,內湖區,25.0559,121.57991
500108036,YouBike2.0_潭美國小(南京舊宗路口),內湖區,25.05768,121.58159
500108037,YouBike2.0_新明路343號,內湖區,25.05653,121.58345
500108038,YouBike2.0_成美長壽橋(潭美街),內湖區,25.0539,121.58084
500108039,YouBike2.0_內湖行政中心,內湖區,25.06915,121.58898
500108040,YouBike2.0_樂康公園,內湖區,25.07007,121.62055
500108041,YouBike2.0_安康路32巷24弄,內湖區,25.06181,121.59447
500108043,YouBike2.0_明美公園,內湖區,25.06256,121.58607
500108044,YouBike2.0_南京東路六段368巷,內湖區,25.05827,121.58707
500108045,YouBike2.0_新明成功路口,內湖區,25.06058,121.5911
500108046,YouBike2.0_民權瑞光路口,內湖區,25.06835,121.58323
500108047,YouBike2.0_瑞光公共住宅(瑞光路),內湖區,25.07335,121.57951
500108048,YouBike2.0_民權東路六段15巷,內湖區,25.06853,121.57813
500108049,YouBike2.0_扶輪親恩公園,內湖區,25.06709,121.58002
500108050,YouBike2.0_新湖三民善街口,內湖區,25.06286,121.57497
500108051,YouBike2.0_內湖119號綠地,內湖區,25.05594,121.57865
500108052,YouBike2.0_行善公園,內湖區,25.05301,121.57592
500108054,YouBike2.0_三軍總醫院,內湖區,25.07151,121.58991
500108055,YouBike2.0_福華商場,內湖區,25.06877,121.59265
500108056,YouBike2.0_臺北市網球中心,內湖區,25.0674,121.59749
500108057,YouBike2.0_捷運葫洲站(1號出口),內湖區,25.07249,121.60796
500108058,YouBike2.0_麗湖國小,內湖區,25.07332,121.60223
500108059,YouBike2.0_金湖路347巷125弄口,內湖區,25.0733,121.59834
500108060,YouBike2.0_碧湖公園,內湖區,25.07988,121.58287
500108061,YouBike2.0_碧湖公園(內湖路二段103巷),內湖區,25.08317,121.58109
500108062,YouBike2.0_貿七社區,內湖區,25.08357,121.58534
500108063,YouBike2.0_內湖區農會,內湖區,25.08165,121.58891
500108064,YouBike2.0_捷運內湖站(2號出口),內湖區,25.0835,121.59454
500108065,YouBike2.0_康寧金湖路口,內湖區,25.07896,121.59921
500108066,YouBike2.0_康寧路一段156巷20弄口,內湖區,25.07792,121.59354
500108067,YouBike2.0_安康公園,內湖區,25.06657,121.6136
500108068,YouBike2.0_安泰街83巷,內湖區,25.07669,121.61709
500108069,YouBike2.0_內溝溪生態展示館,內湖區,25.08722,121.62306
500108070,YouBike2.0_捷運港墘站(2號出口),內湖區,25.07967,121.57584
500108071,YouBike2.0_東湖國中,內湖區,25.07334,121.61962
500108072,YouBike2.0_石潭公園(安康路),內湖區,25.06261,121.59334
500108073,YouBike2.0_內湖垃圾焚化廠,內湖區,25.06209,121.60347
500108074,YouBike2.0_康寧公園(北側),內湖區,25.06927,121.61019
500108075,YouBike2.0_康寧路三段54巷口,內湖區,25.0716,121.60936
500108076,YouBike2.0_行善路25巷口,內湖區,25.05707,121.57658
500108077,YouBike2.0_新明路460巷口,內湖區,25.05503,121.57823
500108078,YouBike2.0_下灣公園,內湖區,25.06516,121.59561
500108079,YouBike2.0_民權東路六段245巷口,內湖區,25.06708,121.60059
500108081,YouBike2.0_東湖國小,內湖區,25.06854,121.61532
500108082,YouBike2.0_捷運內湖站(1號出口),內湖區,25.08373,121.59406
500108083,YouBike2.0_瑞光港墘路口,內湖區,25.07611,121.57487
500108084,YouBike2.0_瑞湖陽光街口,內湖區,25.07296,121.57603
500108085,YouBike2.0_金龍公園,內湖區,25.08554,121.59076
500108086,YouBike2.0_星雲街138巷1弄口,內湖區,25.07943,121.59544
500108087,YouBike2.0_東湖一號公園,內湖區,25.07567,121.6118
500108088,YouBike2.0_東湖二號公園,內湖區,25.07415,121.61075
500108089,YouBike2.0_康湖二號公園(康寧醫院),內湖區,25.07514,121.60857
500108090,YouBike2.0_堤頂大道新湖一路口,內湖區,25.05892,121.57354
500108091,YouBike2.0_下灣公園(成功路),內湖區,25.06682,121.5907
500108092,YouBike2.0_舊宗行善路口,內湖區,25.05876,121.58062
500108093,YouBike2.0_新湖二路250巷口,內湖區,25.06455,121.58262
500108094,YouBike2.0_成功路四段41巷口,內湖區,25.08105,121.59205
500108095,YouBike2.0_金湖星雲街口,內湖區,25.08151,121.59764
500108096,YouBike2.0_國防醫學院,內湖區,25.06851,121.59559
500108097,YouBike2.0_民權東路六段190巷117弄口,內湖區,25.06434,121.59399
500108098,YouBike2.0_內湖運動中心,內湖區,25.07848,121.57493
500108099,YouBike2.0_九華公園,內湖區,25.08844,121.56122
500108100,YouBike2.0_內湖路二段179巷口,內湖區,25.08454,121.584
500108102,YouBike2.0_行善行愛路口,內湖區,25.0606,121.58286
500108103,YouBike2.0_民善新湖二路口(家樂福內湖店),內湖區,25.06017,121.57552
500108104,YouBike2.0_統振大樓,內湖區,25.06007,121.60138
500108105,YouBike2.0_陽光街161巷口,內湖區,25.07433,121.58584
500108106,YouBike2.0_潭美公園(南京東路六段368巷),內湖區,25.05928,121.58617
500108107,YouBike2.0_西康二號公園,內湖區,25.08503,121.5637
500108108,YouBike2.0_三民國中(民權東路六段47巷),內湖區,25.06935,121.58692
500108109,YouBike2.0_瑞光路76巷口,內湖區,25.07168,121.58125
500108110,YouBike2.0_捷運東湖站,內湖區,25.06664,121.61351
500108111,YouBike2.0_新湖國小,內湖區,25.06874,121.58923
500108112,YouBike2.0_碧山內湖路口,內湖區,25.08627,121.5914
500108115,YouBike2.0_民權東路六段413巷,內湖區,25.07038,121.60352
500108116,YouBike2.0_宏匯瑞光廣場(瑞光路),內湖區,25.07676,121.57433
500108117,YouBike2.0_宏匯瑞光廣場(港墘路),內湖區,25.07777,121.57562
500108118,YouBike2.0_康樂街151巷,內湖區,25.07192,121.61955
500108119,YouBike2.0_內湖路一段360巷,內湖區,25.0812,121.57067
500108120,YouBike2.0_成功路三段83號前,內湖區,25.07823,121.5898
500108121,YouBike2.0_內湖路一段47巷,內湖區,25.08781,121.55872
500108122,YouBike2.0_陽光舊宗路口,內湖區,25.07243,121.57416
500108123,YouBike2.0_安湖公園,內湖區,25.07392,121.61545
500108124,YouBike2.0_湖興公園,內湖區,25.06671,121.58913
500108125,YouBike2.0_安泰公園,內湖區,25.07391,121.61869
500108126,YouBike2.0_安泰街(康樂橋下),內湖區,25.07849,121.61666
500108128,YouBike2.0_捷運港墘站(1號出口),內湖區,25.08004,121.57568
500108129,YouBike2.0_明美公園(行善路333巷),內湖區,25.06058,121.5866
500108131,YouBike2.0_舊宗新湖三路口,內湖區,25.06321,121.57681
500108132,YouBike2.0_內湖運動公園,內湖區,25.06745,121.57513
500108133,YouBike2.0_內湖路三段326巷口,內湖區,25.08968,121.58352
500108134,YouBike2.0_成功公園,內湖區,25.08416,121.59665
500108135,YouBike2.0_康寧路三段189巷93弄口,內湖區,25.0735,121.61258
500108136,YouBike2.0_中國醫藥大學附設醫院臺北分院,內湖區,25.08227,121.5909
500108137,YouBike2.0_康樂抽水站,內湖區,25.06643,121.61732
500108138,YouBike2.0_環山路三段16巷口,內湖區,25.08464,121.57945
500108139,YouBike2.0_文德一號綠地,內湖區,25.0786,121.58302
500108140,YouBike2.0_臺北花市,內湖區,25.06265,121.57427
500108141,YouBike2.0_行善社會住宅,內湖區,25.06126,121.58201
500108142,YouBike2.0_康寧路三段99巷17弄口,內湖區,25.0721,121.60991
500108143,YouBike2.0_堤頂大道二段407巷口,內湖區,25.08019,121.56316
500108144,YouBike2.0_海德堡科技大樓,內湖區,25.08156,121.56227
500108145,YouBike2.0_致伸科技大樓,內湖區,25.08067,121.5656
500108146,YouBike2.0_內湖路一段288巷口,內湖區,25.08202,121.56861
500108147,YouBike2.0_大都會客運內湖站,內湖區,25.06749,121.57784
500108148,YouBike2.0_瑞湖公園,內湖區,25.06888,121.57711
500108150,YouBike2.0_台灣世曦大樓,內湖區,25.07345,121.57848
500108151,YouBike2.0_遠雄時代總部,內湖區,25.07821,121.57103
500108152,YouBike2.0_瑞光路358巷口,內湖區,25.07733,121.5727
500108153,YouBike2.0_大港墘公園(洲子街),內湖區,25.07897,121.5737
500108154,YouBike2.0_世紀經貿,內湖區,25.08049,121.57361
500108156,YouBike2.0_民權東路六段56巷口,內湖區,25.06805,121.58488
500108157,YouBike2.0_新湖三行忠路72巷口,內湖區,25.06605,121.58206
500108158,YouBike2.0_新湖三新湖二146巷口,內湖區,25.06407,121.57787
500108159,YouBike2.0_舊宗新湖二路口,內湖區,25.06151,121.57811
500108160,YouBike2.0_新光基湖大樓,內湖區,25.08152,121.56489
500108161,YouBike2.0_內湖路一段120巷15弄,內湖區,25.08203,121.56298
500108162,YouBike2.0_北勢湖環保公園(堤頂大道側),內湖區,25.08318,121.56154
500108164,YouBike2.0_達爾文大樓,內湖區,25.07941,121.57277
500108165,YouBike2.0_東湖四號公園,內湖區,25.07074,121.61803
500108166,YouBike2.0_加瑪科技中心,內湖區,25.08035,121.5705
500108167,YouBike2.0_福壽公園,內湖區,25.07983,121.59625
500108168,YouBike2.0_捷運西湖站(1號出口)內湖路側,內湖區,25.08227,121.56709
500108169,YouBike2.0_威剛科技總部,內湖區,25.06153,121.60033
500108170,YouBike2.0_太陽科技廣場,內湖區,25.08514,121.56161
500108171,YouBike2.0_瑞光路316巷,內湖區,25.07567,121.57341
500108172,YouBike2.0_文德路220巷口,內湖區,25.07862,121.58796
500108173,YouBike2.0_長壽抽水站,內湖區,25.06099,121.59662
500108174,YouBike2.0_捷運葫洲站(2號出口),內湖區,25.07264,121.60692
500108175,YouBike2.0_五分埤,內湖區,25.07595,121.62257
500108176,YouBike2.0_環山路三段1巷(麗山高中),內湖區,25.08438,121.57876
500108177,YouBike2.0_潭美公園(南京東路六段482號),內湖區,25.06092,121.58898
500108178,YouBike2.0_美善公園,內湖區,25.05703,121.57861
500108179,YouBike2.0_潭美公園(新明路298巷),內湖區,25.05698,121.58173
500108181,YouBike2.0_麗山國小(內湖路一段411巷),內湖區,25.08389,121.57189
500108182,YouBike2.0_行善路417巷,內湖區,25.06468,121.58654
500108183,YouBike2.0_明湖國小(康寧路三段165巷23弄),內湖區,25.07165,121.61177
500108184,YouBike2.0_康寧路三段70巷153號,內湖區,25.06658,121.60803
500108185,YouBike2.0_東湖立體停車場,內湖區,25.0692,121.6122
500108187,YouBike2.0_文德路66巷14弄,內湖區,25.07712,121.58096
500108188,YouBike2.0_捷運東湖站(3號出口),內湖區,25.06701,121.61194
500108189,YouBike2.0_捷運大湖公園站(1號出口),內湖區,25.08383,121.60253
500108190,YouBike2.0_內湖路一段1巷口,內湖區,25.08533,121.558
500108191,YouBike2.0_環山路一段136巷口,內湖區,25.08645,121.56928
500108192,YouBike2.0_上灣公園,內湖區,25.06572,121.59778
500108193,YouBike2.0_湖興公園(成功路),內湖區,25.06703,121.59048
500108194,YouBike2.0_文德三號公園(文德路),內湖區,25.07834,121.58076
500108195,YouBike2.0_康寧路一段218巷2弄口,內湖區,25.07837,121.59652
500108196,YouBike2.0_星雲街210巷口,內湖區,25.07966,121.59793
500108197,YouBike2.0_成功路二段406巷口,內湖區,25.07077,121.59
500108199,YouBike2.0_捷運東湖站(2號出口),內湖區,25.06769,121.61163
500108200,YouBike2.0_民權東路六段280巷155弄口,內湖區,25.06865,121.60884
500108201,YouBike2.0_將軍嶺,內湖區,25.07457,121.5901
500108202,YouBike2.0_文湖街21巷82弄口,內湖區,25.08899,121.56036
500108203,YouBike2.0_西湖公園(內湖路一段387巷),內湖區,25.08409,121.57066
500108204,YouBike2.0_國立臺灣戲曲學院(內湖校區),內湖區,25.08107,121.58609
500108205,YouBike2.0_內湖路一段285巷65弄,內湖區,25.08443,121.56912
500108206,YouBike2.0_西湖國中,內湖區,25.08466,121.56577
500108207,YouBike2.0_成美疏散門,內湖區,25.05734,121.58804
500108208,YouBike2.0_大湖國小(大湖山莊街173巷口),內湖區,25.0878,121.60124
500108209,YouBike2.0_成功路五段450巷口,內湖區,25.07468,121.60693
500108211,YouBike2.0_金湖路401巷,內湖區,25.07255,121.60376
500108212,YouBike2.0_內湖國小(內湖路一段737巷51弄),內湖區,25.08027,121.57984
500108213,YouBike2.0_黃石公廟,內湖區,25.07726,121.60709
500108214,YouBike2.0_內湖路一段737巷/麗山街口,內湖區,25.08294,121.5792
500108215,YouBike2.0_行愛路78巷,內湖區,25.06198,121.58029
500108216,YouBike2.0_港墘路1巷口,內湖區,25.08336,121.57829
500108217,YouBike2.0_民權東路六段280巷69弄,內湖區,25.06889,121.60737
500108218,YouBike2.0_瑞光路548巷,內湖區,25.07843,121.56679
500108219,YouBike2.0_內湖國小(內湖路二段76巷),內湖區,25.07926,121.58096
500108220,YouBike2.0_三民國中(民權東路),內湖區,25.069,121.58493
500108221,YouBike2.0_內湖大坑公園,內湖區,25.06887,121.59842
500108222,YouBike2.0_金湖康寧路口(白鷺鷥山登山步道),內湖區,25.07535,121.60132
500108223,YouBike2.0_成功路四段61巷35弄口,內湖區,25.08036,121.59361
500108224,YouBike2.0_成美抽水站,內湖區,25.05532,121.58354
500108225,YouBike2.0_文湖公園,內湖區,25.08748,121.5613
500108226,YouBike2.0_成功路二段/石潭路(西南側),內湖區,25.06315,121.5906
500108227,YouBike2.0_華城橋(東湖),內湖區,25.06899,121.61948
500108228,YouBike2.0_成功路二段115巷口(國道一號),內湖區,25.06468,121.59106
500108229,YouBike2.0_康寧路三段56巷198號,內湖區,25.06733,121.6072
500108230,YouBike2.0_內湖路一段715巷口,內湖區,25.07992,121.57736
500108231,YouBike2.0_成功路三段187巷口,內湖區,25.08021,121.59052
500108233,YouBike2.0_江南街41巷3弄,內湖區,25.07736,121.57816
500108234,YouBike2.0_民權東路六段280巷45弄口,內湖區,25.07096,121.60669
500108235,YouBike2.0_成功路三段12巷口,內湖區,25.07579,121.59009
500109001,YouBike2.0_承德路七段304巷口,北投區,25.1168,121.5048
500109002,YouBike2.0_洲美運動公園,北投區,25.10981,121.49886
500109003,YouBike2.0_榮華二明德路口,北投區,25.11357,121.52255
500109004,YouBike2.0_捷運明德站(1號出口),北投區,25.10896,121.51936
500109005,YouBike2.0_文林建民路口,北投區,25.10788,121.51457
500109006,YouBike2.0_永欣綠地,北投區,25.12416,121.52607
500109007,YouBike2.0_關渡宮,北投區,25.11739,121.46288
500109008,YouBike2.0_關渡自然公園,北投區,25.11884,121.46912
500109009,YouBike2.0_關渡醫院,北投區,25.1203,121.4665
500109010,YouBike2.0_捷運忠義站(1號出口),北投區,25.13149,121.47365
500109011,YouBike2.0_捷運關渡站(1號出口),北投區,25.12397,121.46712
500109012,YouBike2.0_捷運關渡站(2號出口),北投區,25.12618,121.46737
500109013,YouBike2.0_中央北路四段540巷口,北投區,25.12796,121.46782
500109014,YouBike2.0_大度立德路口,北投區,25.1231,121.47092
500109015,YouBike2.0_捷運復興崗站(1號出口),北投區,25.1378,121.4863
500109016,YouBike2.0_捷運復興崗站旅客服務中心,北投區,25.13666,121.48159
500109017,YouBike2.0_豐年公園,北投區,25.13475,121.49613
500109018,YouBike2.0_稻香重三路口,北投區,25.13997,121.48967
500109019,YouBike2.0_國防大學政治作戰學院,北投區,25.13776,121.49345
500109020,YouBike2.0_秀山區民活動中心,北投區,25.14582,121.49303
500109022,YouBike2.0_大業大同街口,北投區,25.13691,121.49987
500109023,YouBike2.0_捷運新北投站,北投區,25.13733,121.50339
500109024,YouBike2.0_捷運北投站,北投區,25.13187,121.499
500109025,YouBike2.0_捷運奇岩站(三合街),北投區,25.12634,121.50099
500109026,YouBike2.0_八仙里辦公處,北投區,25.12297,121.50158
500109027,YouBike2.0_清江國小,北投區,25.12725,121.50676
500109028,YouBike2.0_大業路300巷口,北投區,25.12814,121.49782
500109029,YouBike2.0_立農公園,北投區,25.11798,121.50342
500109030,YouBike2.0_北投奇岩長青樂活大樓,北投區,25.12666,121.50373
500109031,YouBike2.0_捷運唭哩岸站(2號出口),北投區,25.12087,121.50523
500109032,YouBike2.0_北投運動中心,北投區,25.11666,121.50962
500109033,YouBike2.0_陽明大學,北投區,25.11912,121.51223
500109034,YouBike2.0_捷運石牌站(2號出口),北投區,25.11451,121.51567
500109035,YouBike2.0_台北護理大學,北投區,25.11752,121.51662
500109036,YouBike2.0_捷運石牌站(1號出口),北投區,25.11542,121.51469
500109037,YouBike2.0_振興醫院,北投區,25.11753,121.52186
500109039,YouBike2.0_石牌國小,北投區,25.1144,121.51307
500109040,YouBike2.0_振興公園,北投區,25.11865,121.5235
500109041,YouBike2.0_立農國小,北投區,25.11978,121.50422
500109042,YouBike2.0_承德路七段280巷口,北投區,25.11587,121.50576
500109043,YouBike2.0_致遠一路二段11巷,北投區,25.11093,121.51382
500109044,YouBike2.0_榮富公園,北投區,25.1137,121.52437
500109045,YouBike2.0_中正高中,北投區,25.10467,121.51654
500109046,YouBike2.0_立功立德路口,北投區,25.12501,121.47158
500109047,YouBike2.0_桃源國中,北投區,25.13485,121.47769
500109048,YouBike2.0_陽明交大圖書館,北投區,25.12081,121.51352
500109049,YouBike2.0_捷運新北投站(2號出口),北投區,25.13675,121.50224
500109050,YouBike2.0_復興公園,北投區,25.13872,121.5021
500109051,YouBike2.0_承德石牌路口,北投區,25.11272,121.50922
500109052,YouBike2.0_承德路七段188巷口,北投區,25.11416,121.50771
500109053,YouBike2.0_捷運明德站(3號出口),北投區,25.11,121.51841
500109054,YouBike2.0_大豐公園,北投區,25.13102,121.50408
500109055,YouBike2.0_洲美公園,北投區,25.10032,121.50599
500109056,YouBike2.0_中和街455巷11弄,北投區,25.14319,121.49621
500109057,YouBike2.0_洲美蜆仔港公園,北投區,25.10065,121.51107
500109058,YouBike2.0_文化三杏林一路口,北投區,25.14058,121.49915
500109059,YouBike2.0_珠海復興一路口,北投區,25.14045,121.50446
500109060,YouBike2.0_裕民二路33巷,北投區,25.11535,121.51736
500109061,YouBike2.0_新奇岩社會住宅,北投區,25.12287,121.5037
500109062,YouBike2.0_泉源公園,北投區,25.14193,121.50835
500109063,YouBike2.0_奇岩4號綠地,北投區,25.12533,121.50573
500109064,YouBike2.0_臺北健康護理大學(教研大樓),北投區,25.11857,121.51846
500109065,YouBike2.0_奇岩一號公園,北投區,25.12989,121.50394
500109066,YouBike2.0_福星公園,北投區,25.1094,121.51248
500109067,YouBike2.0_中庸公園,北投區,25.13774,121.50142
500109068,YouBike2.0_豐年公園_1,北投區,25.13529,121.49664
500109070,YouBike2.0_光明溫泉路口,北投區,25.13431,121.50226
500109071,YouBike2.0_和信治癌中心醫院,北投區,25.12757,121.47207
500109072,YouBike2.0_致遠新村,北投區,25.14319,121.49093
500109073,YouBike2.0_北投公園露天溫泉,北投區,25.13684,121.50792
500109074,YouBike2.0_中和街493巷9弄口,北投區,25.1439,121.49447
500109075,YouBike2.0_捷運北投站(1號出口),北投區,25.13258,121.49862
500109076,YouBike2.0_石牌立農街口,北投區,25.11879,121.51921
500109077,YouBike2.0_捷運唭哩岸站(1號出口),北投區,25.12082,121.50727
500109078,YouBike2.0_大興光明路2巷口,北投區,25.13043,121.50017
500109079,YouBike2.0_捷運忠義站(2號出口),北投區,25.13076,121.47347
500109080,YouBike2.0_福國承德路口,北投區,25.10171,121.51263
500109081,YouBike2.0_捷運北投站(1號出口)(北投路側),北投區,25.13201,121.49817
500109082,YouBike2.0_華固創富中心,北投區,25.10392,121.51244
500109084,YouBike2.0_崇仰公園(公舘路255巷),北投區,25.12595,121.51098
500109085,YouBike2.0_北投文化公園(北側),北投區,25.13713,121.49706
500109086,YouBike2.0_中和綠地,北投區,25.1419,121.4989
500109087,YouBike2.0_大業路65巷口,北投區,25.12307,121.49906
500109088,YouBike2.0_公舘承德路口,北投區,25.11969,121.50169
500109089,YouBike2.0_文林北明德路口(東北側),北投區,25.10576,121.5173
500109091,YouBike2.0_永興路一段32巷口,北投區,25.13905,121.50012
500109092,YouBike2.0_國立陽明交通大學(甲棟),北投區,25.11944,121.51453
500109093,YouBike2.0_關渡國中,北投區,25.11955,121.46735
500109094,YouBike2.0_立功街55巷口,北投區,25.12518,121.46922
500109096,YouBike2.0_大業路(農禪寺),北投區,25.12231,121.49964
500109097,YouBike2.0_中國電影製片廠,北投區,25.13843,121.48802
500109098,YouBike2.0_北投新興公園,北投區,25.13997,121.48711
500109099,YouBike2.0_捷運石牌站(2號出口)(西安街一段),北投區,25.11332,121.51615
500109100,YouBike2.0_華碩立功大樓,北投區,25.12771,121.47071
500109101,YouBike2.0_關渡碼頭,北投區,25.12066,121.46228
500109102,YouBike2.0_珠海路(48號公園),北投區,25.14262,121.51218
500109103,YouBike2.0_承德文林北路口(西側),北投區,25.11032,121.51097
500109104,YouBike2.0_石牌路二段324巷口,北投區,25.12164,121.52404
500109105,YouBike2.0_北投文化公園(中央北路),北投區,25.13632,121.49686
500109106,YouBike2.0_泉源路23巷口,北投區,25.13939,121.50571
500109107,YouBike2.0_大業路667巷口,北投區,25.13709,121.4996
500109108,YouBike2.0_幼華中學(大業路),北投區,25.13372,121.49602
500109109,YouBike2.0_溫泉路68巷6弄口,北投區,25.13401,121.50564
500109110,YouBike2.0_親水公園,北投區,25.13761,121.49032
500109111,YouBike2.0_文林橋(文林北路75巷),北投區,25.10192,121.51719
500109112,YouBike2.0_榮華公園,北投區,25.11138,121.52212
500109113,YouBike2.0_北投市場(民族街口),北投區,25.13221,121.50388
500109114,YouBike2.0_奇岩抽水站,北投區,25.12386,121.50328
500109115,YouBike2.0_溫泉路81號,北投區,25.13543,121.5057
500109116,YouBike2.0_北投公園噴泉,北投區,25.13687,121.5048
500109117,YouBike2.0_振華公園,北投區,25.11574,121.51854
500109118,YouBike2.0_三合街一段82巷62弄口,北投區,25.12874,121.50409
500109119,YouBike2.0_公舘西安街二段口,北投區,25.12157,121.50281
500109120,YouBike2.0_好市多北投店,北投區,25.12782,121.46948
500109121,YouBike2.0_薇閣高中,北投區,25.13964,121.50388
500109122,YouBike2.0_彰化銀行北投分行,北投區,25.13161,121.4971
500109123,YouBike2.0_中央北路一段197巷口,北投區,25.13579,121.49749
500109124,YouBike2.0_福星公園地下停車場(出入口B),北投區,25.10744,121.51289
500109125,YouBike2.0_民族街36巷口,北投區,25.13305,121.50596
500109126,YouBike2.0_承德文承路口,北投區,25.10496,121.51178
500109127,YouBike2.0_承平福美路口,北投區,25.10026,121.50805
500109128,YouBike2.0_承美福國路口,北投區,25.10091,121.50375
500109129,YouBike2.0_北投22號線形公園共融遊戲場,北投區,25.1202,121.51039
500109130,YouBike2.0_承德路七段164巷口,北投區,25.11344,121.50844
500110002,YouBike2.0_捷運松山站(4號出口),松山區,25.04987,121.57785
500110003,YouBike2.0_塔悠八德路口,松山區,25.05009,121.57202
500110004,YouBike2.0_鵬程公園,松山區,25.05503,121.56876
500110005,YouBike2.0_中崙高中,松山區,25.04878,121.56087
500110006,YouBike2.0_捷運南京三民站(2號出口),松山區,25.05136,121.56283
500110007,YouBike2.0_捷運南京三民站(1號出口),松山區,25.05155,121.5636
500110008,YouBike2.0_光復北路11巷口,松山區,25.04937,121.558
500110009,YouBike2.0_捷運南京三民站(4號出口),松山區,25.05152,121.5646
500110010,YouBike2.0_西松高中,松山區,25.05492,121.56701
500110011,YouBike2.0_民權復興路口,松山區,25.0622,121.54565
500110012,YouBike2.0_民福三號綠地,松山區,25.06374,121.54767
500110013,YouBike2.0_民有一號公園,松山區,25.06095,121.54731
500110014,YouBike2.0_民生敦化路口,松山區,25.05804,121.54897
500110015,YouBike2.0_松基公園,松山區,25.0546,121.54486
500110016,YouBike2.0_三民路166巷口,松山區,25.0619,121.56328
500110017,YouBike2.0_民生活動中心,松山區,25.05907,121.56305
500110018,YouBike2.0_捷運小巨蛋站(2號出口),松山區,25.05157,121.55118
500110019,YouBike2.0_臺北市藝文推廣處,松山區,25.04826,121.55235
500110020,YouBike2.0_民生國小(敦化北路199巷),松山區,25.05633,121.55286
500110021,YouBike2.0_敦北公園,松山區,25.06118,121.55098
500110022,YouBike2.0_民權運動公園,松山區,25.062,121.56019
500110023,YouBike2.0_新東公園,松山區,25.05925,121.56888
500110024,YouBike2.0_民生光復路口,松山區,25.05834,121.55496
500110025,YouBike2.0_三民公園,松山區,25.061286751494,121.566678992451
500110026,YouBike2.0_八德路三段74巷口,松山區,25.04459,121.55252
500110027,YouBike2.0_八德路三段8巷口,松山區,25.04494,121.54953
500110028,YouBike2.0_三軍總醫院(松山分院),松山區,25.05419,121.55631
500110029,YouBike2.0_平安新城,松山區,25.05528,121.559
500110030,YouBike2.0_健康社會住宅,松山區,25.05433,121.56545
500110031,YouBike2.0_民權光復路口(東北側),松山區,25.06206,121.55475
500110032,YouBike2.0_市民東興路口,松山區,25.0484,121.56586
500110033,YouBike2.0_光復南路22巷口,松山區,25.04693,121.55771
500110034,YouBike2.0_光復南路46巷,松山區,25.04606,121.55665
500110035,YouBike2.0_松山新城,松山區,25.05347,121.55436
500110036,YouBike2.0_國土管理署,松山區,25.04769,121.5448
500110037,YouBike2.0_南京光復路口,松山區,25.05143,121.55716
500110038,YouBike2.0_民生立體停車場,松山區,25.05846,121.55947
500110039,YouBike2.0_健康新城,松山區,25.05408,121.56095
500110040,YouBike2.0_健安新城,松山區,25.05606,121.56345
500110041,YouBike2.0_復盛公園,松山區,25.04763,121.56115
500110042,YouBike2.0_中崙福成宮,松山區,25.04524,121.54659
500110043,YouBike2.0_捷運南京復興站(7號出口),松山區,25.05278,121.54478
500110044,YouBike2.0_捷運南京復興站(5號出口),松山區,25.05168,121.54506
500110045,YouBike2.0_塔悠疏散門,松山區,25.0648,121.56788
500110046,YouBike2.0_臺北田徑場,松山區,25.04951,121.54941
500110047,YouBike2.0_捷運小巨蛋站(5號出口),松山區,25.05176,121.55352
500110048,YouBike2.0_敦化長春路口,松山區,25.0536,121.54871
500110049,YouBike2.0_饒河疏散門(基四號疏散門),松山區,25.05147,121.57683
500110050,YouBike2.0_捷運松山站(2號出口),松山區,25.05013,121.57635
500110051,YouBike2.0_民權東路三段106巷口,松山區,25.062,121.54472
500110052,YouBike2.0_南京東路五段59巷口,松山區,25.05163,121.55907
500110053,YouBike2.0_三民公園(塔悠路),松山區,25.06241,121.56831
500110054,YouBike2.0_寶清公園,松山區,25.05198,121.5681
500110055,YouBike2.0_西松公園,松山區,25.05406,121.56407
500110056,YouBike2.0_長壽公園,松山區,25.05378,121.55893
500110057,YouBike2.0_復源公園,松山區,25.04634,121.5542
500110058,YouBike2.0_南京東路四段179巷口,松山區,25.05173,121.55609
500110059,YouBike2.0_臺北田徑場(北寧路側),松山區,25.04954,121.55261
500110060,YouBike2.0_西松高中(健康路325巷),松山區,25.05567,121.56713
500110061,YouBike2.0_南京東興路口,松山區,25.05149,121.56535
500110062,YouBike2.0_捷運松山站(3號出口),松山區,25.04962,121.57746
500110063,YouBike2.0_介壽國中,松山區,25.05722,121.55706
500110064,YouBike2.0_敦化南京路口(東北側),松山區,25.05226,121.54926
500110065,YouBike2.0_敦化八德路口,松山區,25.04802,121.54864
500110066,YouBike2.0_新東街51巷口,松山區,25.0615,121.56332
500110067,YouBike2.0_八德立體停車場,松山區,25.04985,121.57189
500110068,YouBike2.0_長春慶城街口,松山區,25.05452,121.54636
500110069,YouBike2.0_八德路四段652巷口,松山區,25.04942,121.57503
500110070,YouBike2.0_捷運松山站(1號出口),松山區,25.05014,121.57692
500110071,YouBike2.0_捷運小巨蛋站(3號出口),松山區,25.05152,121.55243
500110072,YouBike2.0_捷運小巨蛋站(5號出口)_1,松山區,25.05181,121.5521
500110073,YouBike2.0_敦化北路155巷口,松山區,25.0542,121.5491
500110074,YouBike2.0_民生復興路口,松山區,25.05764,121.54443
500110076,YouBike2.0_市民延吉街口,松山區,25.0444,121.55397
500110077,YouBike2.0_龍城市場,松山區,25.05454,121.55417
500110078,YouBike2.0_捷運南京三民站(3號出口),松山區,25.05129,121.56426
500110079,YouBike2.0_塔悠基隆路口(麥帥一橋下),松山區,25.05139,121.57062
500110080,YouBike2.0_五常街370巷,松山區,25.06432,121.54537
500110081,YouBike2.0_延壽街119巷口,松山區,25.05708,121.56486
500110082,YouBike2.0_市民東寧路口,松山區,25.04742,121.56305
500110083,YouBike2.0_民福簡易綠地,松山區,25.06589,121.54529
500110084,YouBike2.0_三民國小(撫遠街),松山區,25.06457,121.56458
500110085,YouBike2.0_民生郵局,松山區,25.05936,121.56586
500110086,YouBike2.0_民權敦化路口(西北側),松山區,25.06185,121.55
500110087,YouBike2.0_寶清八德路口(北側),松山區,25.05028,121.56879
500110088,YouBike2.0_民生東路三段140巷口,松山區,25.056,121.5467
500110089,YouBike2.0_新東延壽街口,松山區,25.05725,121.56608
500110090,YouBike2.0_健康公園,松山區,25.05434,121.56878
500110091,YouBike2.0_新中街4巷口,松山區,25.05779,121.56167
500110092,YouBike2.0_光復北富錦街口,松山區,25.06054,121.55489
500110093,YouBike2.0_松山國小(東北側),松山區,25.05141,121.57972
500110094,YouBike2.0_撫遠街403巷,松山區,25.06608,121.5658
500110095,YouBike2.0_基六號疏散門,松山區,25.06575,121.568
500110096,YouBike2.0_民權三民路口,松山區,25.06293,121.56296
500110097,YouBike2.0_民權運動公園(北側),松山區,25.06198,121.55711
500110098,YouBike2.0_中崙高中停車場,松山區,25.05023,121.56153
500110099,YouBike2.0_光復延壽街口(西北側),松山區,25.05677,121.55548
500110100,YouBike2.0_富錦新東街口(西側),松山區,25.06108,121.5647
500110101,YouBike2.0_延壽街18巷口,松山區,25.05725,121.56843
500110102,YouBike2.0_民生東路四段97巷,松山區,25.05864,121.55208
500110103,YouBike2.0_民生東路五段177巷口,松山區,25.05913,121.56466
500110104,YouBike2.0_西松高中地下停車場,松山區,25.05564,121.56551
500110105,YouBike2.0_民生東路五段69巷,松山區,25.05983,121.55809
500110106,YouBike2.0_民生東路五段137巷6弄口,松山區,25.06043,121.56142
500110107,YouBike2.0_敦化北慶城街口,松山區,25.05714,121.54873
500110109,YouBike2.0_民權東路三段175巷口,松山區,25.06218,121.54738
500110110,YouBike2.0_健康路225巷口,松山區,25.05415,121.56263
500111001,YouBike2.0_南港公園(東新街),南港區,25.04591,121.59226
500111002,YouBike2.0_南港公園(福德街),南港區,25.04128,121.59089
500111003,YouBike2.0_捷運昆陽站(1號出口),南港區,25.05014,121.59238
500111004,YouBike2.0_忠孝東路六段225巷口,南港區,25.04919,121.58832
500111005,YouBike2.0_捷運後山埤站(1號出口),南港區,25.04437,121.58133
500111006,YouBike2.0_合樂公園,南港區,25.04843,121.58154
500111007,YouBike2.0_合心廣場,南港區,25.04608,121.58315
500111008,YouBike2.0_成德國中,南港區,25.04592,121.5882
500111009,YouBike2.0_玉成公園,南港區,25.04281,121.58613
500111010,YouBike2.0_研究院舊莊街口,南港區,25.04239,121.61683
500111011,YouBike2.0_中研院綜合體育館東側,南港區,25.04054,121.61374
500111012,YouBike2.0_國家生技園區,南港區,25.04763,121.61145
500111013,YouBike2.0_捷運南港展覽館站(5號出口),南港區,25.05469,121.61669
500111014,YouBike2.0_中研公園,南港區,25.04697,121.61375
500111015,YouBike2.0_福山公園,南港區,25.04499,121.61775
500111016,YouBike2.0_舊莊區民活動中心,南港區,25.04139,121.6191
500111017,YouBike2.0_凌雲市場,南港區,25.03564,121.61415
500111018,YouBike2.0_市民大道八段532號,南港區,25.054,121.61334
500111019,YouBike2.0_捷運南港軟體園區(2號出口),南港區,25.05933,121.61677
500111020,YouBike2.0_南港國小,南港區,25.05668,121.61137
500111021,YouBike2.0_興中立體停車場(興中路),南港區,25.05629,121.607
500111022,YouBike2.0_臺北市立圖書館南港分館,南港區,25.05485,121.60866
500111023,YouBike2.0_東陽公園,南港區,25.05716,121.59792
500111024,YouBike2.0_向陽南港路口,南港區,25.05437,121.59423
500111025,YouBike2.0_南港車站(忠孝東路七段415巷),南港區,25.05252,121.60922
500111026,YouBike2.0_捷運南港站(2號出口),南港區,25.05201,121.60741
500111027,YouBike2.0_捷運南港站(1號出口),南港區,25.05192,121.60642
500111028,YouBike2.0_東新國小,南港區,25.05623,121.60194
500111029,YouBike2.0_中華科技大學,南港區,25.03392,121.60985
500111030,YouBike2.0_六福公園,南港區,25.04681,121.61703
500111031,YouBike2.0_南港加壓站,南港區,25.04805,121.61594
500111032,YouBike2.0_臺北流行音樂中心(南港路),南港區,25.05343,121.59945
500111033,YouBike2.0_興南公園,南港區,25.05766,121.60396
500111034,YouBike2.0_臺北流行音樂中心(市民大道),南港區,25.05211,121.59839
500111035,YouBike2.0_南港車站(市民大道),南港區,25.05326,121.60656
500111036,YouBike2.0_忠孝東路七段527巷口,南港區,25.05266,121.61275
500111037,YouBike2.0_南港軟體園區(新民街),南港區,25.05627,121.61369
500111038,YouBike2.0_世貿公園,南港區,25.05831,121.61422
500111039,YouBike2.0_凌雲五村(研究院路三段8巷),南港區,25.03595,121.61688
500111040,YouBike2.0_新新公園(昆陽街60巷),南港區,25.0521,121.59053
500111041,YouBike2.0_南港高中(昆陽街),南港區,25.05285,121.59279
500111042,YouBike2.0_南港路三段290巷口,南港區,25.05234,121.58152
500111043,YouBike2.0_南港路三段220巷口,南港區,25.05289,121.58599
500111044,YouBike2.0_南港東新街口,南港區,25.05168,121.58284
500111045,YouBike2.0_八德中坡路口,南港區,25.05064,121.5803
500111046,YouBike2.0_捷運後山埤站(3號出口),南港區,25.04511,121.5836
500111047,YouBike2.0_玉成公園運動中心,南港區,25.04193,121.58493
500111048,YouBike2.0_百福公園,南港區,25.03884,121.58788
500111049,YouBike2.0_南湖大橋(經貿二路255巷),南港區,25.06148,121.61384
500111050,YouBike2.0_園區重陽路口,南港區,25.05937,121.61072
500111051,YouBike2.0_南港車站B棟(市民大道),南港區,25.05293,121.60549
500111052,YouBike2.0_胡適公園,南港區,25.04014,121.61766
500111053,YouBike2.0_南港抽水站,南港區,25.06164,121.61267
500111054,YouBike2.0_經貿公園,南港區,25.06271,121.61597
500111055,YouBike2.0_育成高中,南港區,25.05853,121.60983
500111056,YouBike2.0_捷運南港展覽館站(7號出口),南港區,25.05436,121.6181
500111057,YouBike2.0_力行橋(南港),南港區,25.05172,121.61686
500111058,YouBike2.0_舊莊國小(舊莊街一段),南港區,25.03987,121.62015
500111059,YouBike2.0_向陽公園,南港區,25.05705,121.59265
500111060,YouBike2.0_小彎社會住宅,南港區,25.0582,121.59368
500111061,YouBike2.0_捷運南港展覽館站(6號出口),南港區,25.05465,121.6185
500111062,YouBike2.0_捷運南港展覽館站(4號出口),南港區,25.05535,121.61838
500111063,YouBike2.0_成德綠地,南港區,25.04675,121.58731
500111065,YouBike2.0_中坡市民路口(東北側),南港區,25.04969,121.58028
500111066,YouBike2.0_昆陽公園,南港區,25.0483,121.59425
500111067,YouBike2.0_南港路二段178巷口,南港區,25.05368,121.59969
500111068,YouBike2.0_南港車站(忠孝東路),南港區,25.05225,121.60766
500111069,YouBike2.0_南港車站(興華路),南港區,25.05343,121.60633
500111070,YouBike2.0_玉成公園(成福路178巷口),南港區,25.04177,121.58735
500111071,YouBike2.0_玉東公園(東新街),南港區,25.04998,121.58383
500111072,YouBike2.0_南港出租國宅社區,南港區,25.03878,121.59302
500111073,YouBike2.0_成福路197巷口,南港區,25.04066,121.58877
500111074,YouBike2.0_南港疏散門(基三號疏散門),南港區,25.05543,121.5892
500111075,YouBike2.0_成德立體停車場,南港區,25.04557,121.58629
500111076,YouBike2.0_南港展覽館2館,南港區,25.05545,121.61646
500111077,YouBike2.0_舊莊派出所,南港區,25.03827,121.62274
500111078,YouBike2.0_南港路三段80巷,南港區,25.05394,121.59124
500111079,YouBike2.0_捷運昆陽站(4號出口),南港區,25.05066,121.59431
500111080,YouBike2.0_忠孝東路六段278巷口,南港區,25.04916,121.58906
500111081,YouBike2.0_中研院人文社會科學館,南港區,25.04126,121.6118
500111082,YouBike2.0_南港路三段130巷口,南港區,25.05457,121.58781
500111083,YouBike2.0_南港路三段190巷口,南港區,25.05381,121.58638
500111084,YouBike2.0_忠孝東路六段212巷口,南港區,25.0488,121.58742
500111085,YouBike2.0_新富公園,南港區,25.05296,121.61713
500111086,YouBike2.0_東新街63巷口,南港區,25.04728,121.58605
500111087,YouBike2.0_中興公園,南港區,25.04487,121.61481
500111088,YouBike2.0_向陽市民大道路口(西北側),南港區,25.05163,121.59535
500111089,YouBike2.0_向陽南港路口(西北側),南港區,25.05486,121.5944
500111090,YouBike2.0_研究院路一段151巷口,南港區,25.04997,121.6162
500111091,YouBike2.0_興中重陽路口,南港區,25.05801,121.60674
500111092,YouBike2.0_中研院近代史研究所研究大樓,南港區,25.03999,121.61538
500111093,YouBike2.0_中研院人文社會科學研究中心,南港區,25.04159,121.61532
500111094,YouBike2.0_中研院生態時代館,南港區,25.04287,121.61342
500111095,YouBike2.0_玉成街(中坡北路50巷口),南港區,25.04691,121.58192
500111096,YouBike2.0_東明公園,南港區,25.05469,121.60381
500111097,YouBike2.0_捷運南港軟體園區站(1號出口),南港區,25.06043,121.61498
500111098,YouBike2.0_南港花園社區A18,南港區,25.04015,121.59111
500111113,YouBike2.0_內湖機廠(港東街),南港區,25.058,121.62189
500111114,YouBike2.0_市民昆陽街口,南港區,25.05124,121.59361
500111115,YouBike2.0_南港機廠(北流),南港區,25.05156,121.6014
500111116,YouBike2.0_忠孝東路七段265巷,南港區,25.05216,121.60338
500111117,YouBike2.0_昆陽東新街口,南港區,25.04857,121.59401
500111118,YouBike2.0_臺北市捷運局機電工程處,南港區,25.0614,121.61795
500111119,YouBike2.0_經貿二路105巷口(經貿二路),南港區,25.05791,121.61704
500111120,YouBike2.0_經貿二路105巷口(經貿一路),南港區,25.0586,121.61973
500111121,YouBike2.0_經貿二路185巷,南港區,25.06148,121.61698
500111122,YouBike2.0_國家生物模式中心,南港區,25.04637,121.60948
500111123,YouBike2.0_南港路三段106巷口(中華賓士),南港區,25.05312,121.58928
500111124,YouBike2.0_中坡松隆路口,南港區,25.04865,121.58028
500111125,YouBike2.0_成功疏散門,南港區,25.05898,121.59407
500111126,YouBike2.0_環保局南港區清潔南港分隊,南港區,25.06088,121.61085
500111127,YouBike2.0_重陽公園(興南街),南港區,25.05557,121.59983
500111128,YouBike2.0_生物技術開發中心,南港區,25.04921,121.61025
500111129,YouBike2.0_南港車站C棟(市民大道),南港區,25.0528,121.6045
500111130,YouBike2.0_新陽綠地,南港區,25.05492,121.59817
500111131,YouBike2.0_九如公園(凌雲街),南港區,25.03904,121.61554
500111132,YouBike2.0_捷運南港機廠社會住宅,南港區,25.05088,121.59729
500111133,YouBike2.0_忠孝向陽路口,南港區,25.05105,121.5969
500111134,YouBike2.0_重陽路39巷,南港區,25.05634,121.59518
500112001,YouBike2.0_黎忠區民活動中心,信義區,25.02035,121.55769
500112002,YouBike2.0_基隆路二段159巷口,信義區,25.02561,121.55409
500112003,YouBike2.0_嘉興街175巷口,信義區,25.02811,121.55671
500112004,YouBike2.0_和平東路三段631巷口,信義區,25.0132,121.56335
500112005,YouBike2.0_和平東路三段530巷口,信義區,25.01545,121.56134
500112006,YouBike2.0_景勤二號公園,信義區,25.02698,121.55841
500112007,YouBike2.0_臺北醫學大學,信義區,25.02668,121.56175
500112008,YouBike2.0_三興公園,信義區,25.02868,121.55932
500112009,YouBike2.0_松德站,信義區,25.03162,121.57396
500112010,YouBike2.0_捷運象山站(2號出口),信義區,25.03222,121.56974
500112011,YouBike2.0_象山公園,信義區,25.02863,121.56981
500112012,YouBike2.0_松仁路253巷3弄,信義區,25.02678,121.56884
500112013,YouBike2.0_興雅國中,信義區,25.03616,121.56983
500112014,YouBike2.0_捷運象山站(1號出口),信義區,25.03295,121.56867
500112015,YouBike2.0_松德路200巷,信義區,25.03471,121.57301
500112016,YouBike2.0_中全公園,信義區,25.0382,121.57495
500112017,YouBike2.0_台北市災害應變中心,信義區,25.02868,121.56672
500112018,YouBike2.0_信義運動中心,信義區,25.03189,121.56678
500112019,YouBike2.0_捷運台北101/世貿站(3號出口),信義區,25.03275,121.56337
500112020,YouBike2.0_景新公園,信義區,25.03003,121.56287
500112021,YouBike2.0_光復信義路口東南側,信義區,25.03281,121.55756
500112022,YouBike2.0_三張犁,信義區,25.03452,121.5576
500112023,YouBike2.0_仁愛路四段496巷口,信義區,25.03745,121.5602
500112024,YouBike2.0_松山工農,信義區,25.03961,121.57199
500112025,YouBike2.0_松友公園,信義區,25.03423,121.57636
500112026,YouBike2.0_林口公園,信義區,25.03894,121.57915
500112027,YouBike2.0_松山家商,信義區,25.0347,121.58018
500112028,YouBike2.0_永春陂濕地公園,信義區,25.03301,121.58096
500112029,YouBike2.0_臺北市政府,信義區,25.03801,121.56541
500112030,YouBike2.0_松智松壽路口,信義區,25.03607,121.56535
500112031,YouBike2.0_市府松壽路口,信義區,25.03627,121.56383
500112032,YouBike2.0_市府松高路口,信義區,25.03899,121.56369
500112033,YouBike2.0_市民廣場,信義區,25.03599,121.56218
500112035,YouBike2.0_信義廣場(台北101),信義區,25.03306,121.5662
500112036,YouBike2.0_捷運台北101/世貿站(5號出口),信義區,25.03338,121.56333
500112037,YouBike2.0_春光公園,信義區,25.0427,121.58112
500112038,YouBike2.0_松仁路121巷口,信義區,25.03476,121.56865
500112039,YouBike2.0_福德國小,信義區,25.03846,121.58618
500112040,YouBike2.0_福德公園,信義區,25.03841,121.58355
500112042,YouBike2.0_松高路(信義新天地A4館),信義區,25.03918,121.56654
500112043,YouBike2.0_興雅松仁路口,信義區,25.0401,121.56822
500112044,YouBike2.0_福祥公園,信義區,25.04626,121.57045
500112045,YouBike2.0_吳興公車總站,信義區,25.02388,121.56984
500112046,YouBike2.0_泰和公園,信義區,25.0193,121.57105
500112047,YouBike2.0_興雅國小(基隆路一段37巷),信義區,25.04773,121.56895
500112048,YouBike2.0_雅祥公園(松信路50巷口),信義區,25.04732,121.57211
500112049,YouBike2.0_松山車站,信義區,25.0489,121.57841
500112050,YouBike2.0_五常公園,信義區,25.04797,121.57432
500112051,YouBike2.0_永吉松信路口,信義區,25.04548,121.57207
500112052,YouBike2.0_三興國小,信義區,25.02969,121.55766
500112053,YouBike2.0_市民松信路口,信義區,25.04927,121.57205
500112054,YouBike2.0_松山高中,信義區,25.0433,121.5638
500112055,YouBike2.0_基隆光復路口,信義區,25.03005,121.55764
500112056,YouBike2.0_基隆忠孝路口西南側,信義區,25.04108,121.5629
500112057,YouBike2.0_泰和里民活動中心,信義區,25.0213,121.57027
500112058,YouBike2.0_捷運後山埤站(2號出口),信義區,25.04395,121.58184
500112059,YouBike2.0_虎林永吉路口,信義區,25.04519,121.57712
500112060,YouBike2.0_永吉公園,信義區,25.04345,121.57539
500112061,YouBike2.0_永吉路321巷口,信義區,25.04561,121.57549
500112062,YouBike2.0_松山永吉路口,信義區,25.04623,121.57772
500112063,YouBike2.0_松山路292巷口,信義區,25.0432,121.57789
500112064,YouBike2.0_捷運象山站(3號出口),信義區,25.03295,121.5712
500112065,YouBike2.0_松德公園,信義區,25.03657,121.57349
500112066,YouBike2.0_世貿三館,信義區,25.03511,121.56369
500112067,YouBike2.0_松德虎林街口,信義區,25.0383,121.5762
500112068,YouBike2.0_富台公園,信義區,25.04185,121.57204
500112069,YouBike2.0_基隆路一段101巷口,信義區,25.04516,121.56702
500112070,YouBike2.0_捷運永春站(2號出口),信義區,25.0405,121.57538
500112071,YouBike2.0_吳興街260巷,信義區,25.02606,121.5631
500112072,YouBike2.0_松山家商(林口街),信義區,25.03593,121.57906
500112073,YouBike2.0_仁愛逸仙路口,信義區,25.03771,121.56124
500112075,YouBike2.0_信義基隆路口,信義區,25.03321,121.55873
500112076,YouBike2.0_捷運台北101/世貿站(2號出口),信義區,25.0327,121.56157
500112078,YouBike2.0_吳興街284巷36弄口,信義區,25.02236,121.56268
500112079,YouBike2.0_協和祐德高級中學,信義區,25.0426,121.58381
500112080,YouBike2.0_福德國小公車站,信義區,25.03929,121.58755
500112081,YouBike2.0_松仁路95巷口,信義區,25.03656,121.56866
500112082,YouBike2.0_臺北南山廣場_1,信義區,25.03404,121.56598
500112083,YouBike2.0_景聯廣場,信義區,25.03214,121.55974
500112084,YouBike2.0_景平公園,信義區,25.02976,121.5642
500112085,YouBike2.0_捷運市政府站(3號出口),信義區,25.04084,121.56789
500112086,YouBike2.0_五分埔公園,信義區,25.04719,121.58058
500112087,YouBike2.0_松仁路305號,信義區,25.02306,121.57036
500112088,YouBike2.0_吳興街394巷口,信義區,25.02474,121.56741
500112089,YouBike2.0_忠孝東路五段215巷口,信義區,25.0409,121.5705
500112090,YouBike2.0_松勤莊敬路口,信義區,25.03203,121.5615
500112091,YouBike2.0_松仁松平路口,信義區,25.03047,121.56838
500112092,YouBike2.0_信義松德路口,信義區,25.03322,121.57433
500112093,YouBike2.0_捷運市政府站(4號出口),信義區,25.04146,121.56731
500112094,YouBike2.0_吳興街284巷(廣安宮),信義區,25.02326,121.56329
500112095,YouBike2.0_景勤二號公園(西南側),信義區,25.02605,121.5577
500112096,YouBike2.0_克勤新村,信義區,25.02589,121.56073
500112097,YouBike2.0_和平東路三段291號,信義區,25.02186,121.55532
500112098,YouBike2.0_永吉路468巷口,信義區,25.04533,121.57915
500112099,YouBike2.0_廣慈博愛園區(西側),信義區,25.03866,121.58082
500112100,YouBike2.0_和平東路三段341巷口,信義區,25.02188,121.55891
500112101,YouBike2.0_革新公園,信義區,25.04367,121.56741
500112102,YouBike2.0_黎雙公園,信義區,25.0246,121.56028
500112103,YouBike2.0_臺北文化體育園區辦公大樓,信義區,25.04144,121.56126
500112104,YouBike2.0_捷運國父紀念館站(5號出口),信義區,25.04206,121.55792
500112105,YouBike2.0_光復南菸廠路口,信義區,25.04482,121.55795
500112106,YouBike2.0_中坡北永吉路口,信義區,25.04557,121.58059
500112107,YouBike2.0_松仁路281巷66弄,信義區,25.02261,121.57178
500112108,YouBike2.0_基隆市民路口,信義區,25.04892,121.56906
500112109,YouBike2.0_松仁路253巷4弄口,信義區,25.02559,121.56954
500112110,YouBike2.0_松德路169巷口,信義區,25.03633,121.57582
500112111,YouBike2.0_吳興新村,信義區,25.02815,121.56114
500112112,YouBike2.0_松山文創園區(一號倉庫),信義區,25.04503,121.55951
500112113,YouBike2.0_永吉路187巷口,信義區,25.04584,121.57273
500112114,YouBike2.0_仁愛路四段512巷,信義區,25.03706,121.56124
500112115,YouBike2.0_信安街/富陽街44巷口,信義區,25.02309,121.55537
500112116,YouBike2.0_吳興公園,信義區,25.02383,121.56767
500112117,YouBike2.0_逸仙松高路口,信義區,25.03942,121.56149
500112118,YouBike2.0_光復仁愛路口,信義區,25.03784,121.55768
500112119,YouBike2.0_信義松智路口(東南側),信義區,25.03284,121.56555
500112120,YouBike2.0_松山家商(東側),信義區,25.03568,121.58133
500112123,YouBike2.0_松山松隆路口,信義區,25.04831,121.57766
500112124,YouBike2.0_松智松平路口,信義區,25.0304,121.5654
500112125,YouBike2.0_象山公園(松勤街140巷),信義區,25.03098,121.5697
500112127,YouBike2.0_永吉路120巷15弄口,信義區,25.04501,121.57028
500112128,YouBike2.0_臺北文創大樓(菸廠路),信義區,25.04499,121.56082
500112129,YouBike2.0_松德路25巷口,信義區,25.0392,121.57742
500112130,YouBike2.0_國家鐵道博物館,信義區,25.04728,121.56337
500112132,YouBike2.0_六張犁社會住宅B基地,信義區,25.02783,121.56024
500112133,YouBike2.0_莊敬路341巷3弄,信義區,25.02864,121.56482
500112134,YouBike2.0_信義國中,信義區,25.02953,121.56817
500113001,YouBike2.0_德昌寶興街口(西北角),萬華區,25.02365,121.49528
500113002,YouBike2.0_寶興長泰街口(西南角),萬華區,25.0216,121.49597
500113003,YouBike2.0_萬大路486巷口,萬華區,25.01975,121.4973
500113004,YouBike2.0_國興中華路口,萬華區,25.02485,121.50898
500113005,YouBike2.0_古亭國中,萬華區,25.02442,121.5107
500113006,YouBike2.0_國興水源路口,萬華區,25.02297,121.50845
500113007,YouBike2.0_青年公園高爾夫球場,萬華區,25.02481,121.50755
500113008,YouBike2.0_國興青年路口,萬華區,25.02594,121.50651
500113009,YouBike2.0_青年公園棒球場,萬華區,25.0241,121.50289
500113010,YouBike2.0_青年公園籃球場,萬華區,25.02085,121.50539
500113012,YouBike2.0_復華花園新城,萬華區,25.02964,121.50258
500113013,YouBike2.0_新和國小,萬華區,25.02582,121.50255
500113014,YouBike2.0_莒光郵局,萬華區,25.03124,121.50122
500113015,YouBike2.0_莒光立體停車場,萬華區,25.03116,121.50336
500113016,YouBike2.0_艋舺大道146巷口,萬華區,25.03301,121.5016
500113017,YouBike2.0_東園國小,萬華區,25.02257,121.49807
500113018,YouBike2.0_華中疏散門,萬華區,25.01688,121.49534
500113019,YouBike2.0_錦德公園,萬華區,25.02332,121.49264
500113020,YouBike2.0_忠德公園,萬華區,25.02516,121.49604
500113022,YouBike2.0_華江高中,萬華區,25.02744,121.49619
500113023,YouBike2.0_西園艋舺路口,萬華區,25.03267,121.49757
500113025,YouBike2.0_雙園國中,萬華區,25.02673,121.49176
500113026,YouBike2.0_長順區民活動中心,萬華區,25.03284,121.48908
500113027,YouBike2.0_萬華安居社會住宅A區,萬華區,25.03397,121.49029
500113028,YouBike2.0_華江八號公園,萬華區,25.03388,121.49293
500113029,YouBike2.0_環河南雙園街口,萬華區,25.03203,121.49127
500113030,YouBike2.0_大理高中,萬華區,25.03124,121.49075
500113031,YouBike2.0_糖廍文化園區,萬華區,25.03383,121.4946
500113032,YouBike2.0_兩棵樹公園,萬華區,25.03253,121.49549
500113033,YouBike2.0_萬華青年公宅,萬華區,25.02021,121.50376
500113034,YouBike2.0_開封西寧路口,萬華區,25.04662,121.50717
500113035,YouBike2.0_峨眉停車場,萬華區,25.04441,121.50541
500113036,YouBike2.0_長沙公園,萬華區,25.0417,121.49992
500113037,YouBike2.0_貓公園(中興橋頭),萬華區,25.04369,121.5018
500113038,YouBike2.0_西本願寺廣場,萬華區,25.04099,121.50769
500113039,YouBike2.0_中華桂林路口,萬華區,25.03771,121.50662
500113041,YouBike2.0_龍山國小,萬華區,25.0355,121.49541
500113042,YouBike2.0_華西公園,萬華區,25.03852,121.49881
500113043,YouBike2.0_老松國小,萬華區,25.03792,121.50177
500113044,YouBike2.0_萬華火車站,萬華區,25.03364,121.50322
500113045,YouBike2.0_萬華火車站(D2廣場),萬華區,25.03394,121.50117
500113046,YouBike2.0_捷運龍山寺站(3號出口),萬華區,25.03509,121.50199
500113047,YouBike2.0_臺北市電影主題公園(峨眉街),萬華區,25.04445,121.50306
500113048,YouBike2.0_臺北市電影主題公園(康定路),萬華區,25.04551,121.50318
500113049,YouBike2.0_中華峨眉街口,萬華區,25.04345,121.50841
500113050,YouBike2.0_萬華266號綠地,萬華區,25.0403,121.50197
500113051,YouBike2.0_萬大國小(萬大路344巷口),萬華區,25.02376,121.49986
500113052,YouBike2.0_德昌街10巷口,萬華區,25.02533,121.4996
500113053,YouBike2.0_環河南和平西路口,萬華區,25.03517,121.49048
500113054,YouBike2.0_長順街60巷口,萬華區,25.03119,121.48858
500113055,YouBike2.0_西園公園,萬華區,25.0271,121.49775
500113056,YouBike2.0_華江污水廠,萬華區,25.03606,121.49163
500113057,YouBike2.0_柳鄉公園,萬華區,25.03731,121.49526
500113058,YouBike2.0_綠堤社區公園,萬華區,25.03302,121.4931
500113059,YouBike2.0_長順艋舺大道口,萬華區,25.03035,121.49228
500113060,YouBike2.0_富民路145巷口,萬華區,25.01796,121.49988
500113061,YouBike2.0_環南綜合市場,萬華區,25.0286,121.48908
500113062,YouBike2.0_龍山國中,萬華區,25.03646,121.50492
500113064,YouBike2.0_桂林昆明街口,萬華區,25.03811,121.50362
500113065,YouBike2.0_萬華國中_1,萬華區,25.02926,121.49936
500113066,YouBike2.0_青年公園3號出口,萬華區,25.02273,121.50271
500113069,YouBike2.0_莒光社會住宅,萬華區,25.0317,121.50033
500113070,YouBike2.0_艋舺西藏路口,萬華區,25.0287,121.49156
500113071,YouBike2.0_萬大路493巷,萬華區,25.01975,121.4992
500113072,YouBike2.0_雙園國中地下停車場,萬華區,25.02768,121.49134
500113073,YouBike2.0_青年路152巷口,萬華區,25.01979,121.5009
500113074,YouBike2.0_和平西路二段190巷口,萬華區,25.03348,121.50445
500113075,YouBike2.0_萬大路424巷口,萬華區,25.02039,121.4927
500113077,YouBike2.0_長泰街52巷口,萬華區,25.0232,121.50028
500113078,YouBike2.0_水源青年路口,萬華區,25.02005,121.50429
500113079,YouBike2.0_青年公園4號出口,萬華區,25.02114,121.50265
500113081,YouBike2.0_大理高中(西藏路),萬華區,25.03062,121.49021
500113083,YouBike2.0_綠堤公園(西北側),萬華區,25.03338,121.49267
500113085,YouBike2.0_艋舺雙園街口,萬華區,25.0301,121.49324
500113086,YouBike2.0_德昌街125巷口,萬華區,25.02406,121.49639
500113087,YouBike2.0_萬青街186號,萬華區,25.02263,121.50154
500113088,YouBike2.0_艋舺大道/西園路140巷口,萬華區,25.03174,121.49502
500113089,YouBike2.0_龍山國中(廣州街),萬華區,25.03614,121.50625
500113090,YouBike2.0_華江高中(西藏路),萬華區,25.02901,121.49659
500113091,YouBike2.0_新和國小(中華路二段416巷),萬華區,25.02677,121.50283
500113092,YouBike2.0_環南綜合市場(西藏路),萬華區,25.0294,121.49082
500113093,YouBike2.0_萬華青年社會住宅(青年路168巷49弄),萬華區,25.01995,121.50229
500113094,YouBike2.0_萬華51號公園,萬華區,25.03484,121.49928
500113095,YouBike2.0_萬華區公所(大理街),萬華區,25.03457,121.5
500113096,YouBike2.0_環河南路一段350巷口,萬華區,25.03935,121.49743
500113097,YouBike2.0_萬華安居社會住宅B區,萬華區,25.03349,121.49089
500113098,YouBike2.0_青年公園(西藏路125巷口),萬華區,25.0251,121.50371
500113099,YouBike2.0_漢口街二段53巷口,萬華區,25.04581,121.50636
500113100,YouBike2.0_環河福德宮,萬華區,25.03788,121.49429
500113101,YouBike2.0_崇仁花園(萬大路423巷),萬華區,25.02183,121.50133
500119005,YouBike2.0_臺大水源舍區A棟,臺大公館校區,25.01493,121.53044
500119006,YouBike2.0_臺大卓越研究大樓,臺大公館校區,25.01466,121.52917
500119007,YouBike2.0_臺大水源修齊會館,臺大公館校區,25.01411,121.52997
500119008,YouBike2.0_臺大檔案展示館,臺大公館校區,25.01391,121.52895
500119009,YouBike2.0_臺大水源舍區B棟,臺大公館校區,25.01525,121.53009
500119043,YouBike2.0_臺大男八舍東側,臺大公館校區,25.01729,121.54531
500119044,YouBike2.0_臺大禮賢樓東南側,臺大公館校區,25.01415,121.53767
500119045,YouBike2.0_臺大農業陳列館北側,臺大公館校區,25.01839,121.53404
500119046,YouBike2.0_臺大管理學院二館北側,臺大公館校區,25.01355,121.53673
500119047,YouBike2.0_臺大土木系館,臺大公館校區,25.01761,121.53844
500119048,YouBike2.0_臺大大一女舍北側,臺大公館校區,25.01547,121.53436
500119049,YouBike2.0_臺大女九舍西南側,臺大公館校區,25.01981,121.53903
500119050,YouBike2.0_臺大小福樓東側,臺大公館校區,25.01846,121.5376
500119051,YouBike2.0_臺大立體機車停車場,臺大公館校區,25.01616,121.54251
500119052,YouBike2.0_臺大工綜館南側,臺大公館校區,25.01857,121.54059
500119053,YouBike2.0_臺大天文數學館南側,臺大公館校區,25.02108,121.53783
500119054,YouBike2.0_臺大心理系館南側,臺大公館校區,25.01941,121.5404
500119055,YouBike2.0_臺大樂學館東側,臺大公館校區,25.01793,121.53585
500119056,YouBike2.0_臺大農化新館西側,臺大公館校區,25.01627,121.53535
500119057,YouBike2.0_臺大五號館西側,臺大公館校區,25.01666,121.53718
500119058,YouBike2.0_臺大舊體育館西側,臺大公館校區,25.0198,121.53583
500119059,YouBike2.0_臺大共同教室北側,臺大公館校區,25.01595,121.53791
500119060,YouBike2.0_臺大共同教室東南側,臺大公館校區,25.01566,121.53786
500119061,YouBike2.0_臺大鹿鳴堂東側,臺大公館校區,25.01511,121.53786
500119062,YouBike2.0_臺大公館停車場西北側,臺大公館校區,25.01345,121.53798
500119063,YouBike2.0_臺大第二行政大樓南側,臺大公館校區,25.01603,121.53635
500119064,YouBike2.0_臺大明達館機車停車場,臺大公館校區,25.01754,121.54398
500119065,YouBike2.0_臺大二號館,臺大公館校區,25.01699,121.53574
500119066,YouBike2.0_臺大凝態館南側,臺大公館校區,25.02157,121.53633
500119067,YouBike2.0_臺大社科院西側,臺大公館校區,25.02053,121.54145
500119068,YouBike2.0_臺大社會系館南側,臺大公館校區,25.01987,121.54175
500119069,YouBike2.0_臺大思亮館東南側,臺大公館校區,25.02074,121.53906
500119070,YouBike2.0_臺大椰林小舖,臺大公館校區,25.01561,121.53583
500119071,YouBike2.0_臺大計資中心南側,臺大公館校區,25.02036,121.53992
500119072,YouBike2.0_臺大原分所北側,臺大公館校區,25.01881,121.53868
500119074,YouBike2.0_臺大生命科學館西北側,臺大公館校區,25.01548,121.53825
500119075,YouBike2.0_臺大第一活動中心西南側,臺大公館校區,25.01761,121.53995
500119076,YouBike2.0_臺大博理館西側,臺大公館校區,25.01922,121.54195
500119077,YouBike2.0_臺大博雅館西側,臺大公館校區,25.0189,121.536
500119078,YouBike2.0_臺大森林館北側,臺大公館校區,25.01704,121.53888
500119079,YouBike2.0_臺大一號館,臺大公館校區,25.01698,121.53455
500119080,YouBike2.0_臺大小小福西南側,臺大公館校區,25.01539,121.53686
500119081,YouBike2.0_臺大教研館北側,臺大公館校區,25.01337,121.53909
500119082,YouBike2.0_臺大四號館東北側,臺大公館校區,25.01703,121.53781
500119083,YouBike2.0_臺大新生教室南側,臺大公館校區,25.0196,121.53846
500119084,YouBike2.0_臺大鄭江樓北側,臺大公館校區,25.01854,121.54309
500119085,YouBike2.0_臺大電機二館東南側,臺大公館校區,25.01857,121.54247
500119086,YouBike2.0_臺大圖資系館北側,臺大公館校區,25.01804,121.53928
500119087,YouBike2.0_臺大總圖書館西南側,臺大公館校區,25.0169,121.54031
500119088,YouBike2.0_臺大黑森林西側,臺大公館校區,25.01995,121.54347
500119089,YouBike2.0_臺大獸醫館南側,臺大公館校區,25.01791,121.54242
500119090,YouBike2.0_臺大新體育館東南側,臺大公館校區,25.02112,121.53591
500119091,YouBike2.0_臺大明達館北側(員工宿舍),臺大公館校區,25.01816,121.54469
500119092,YouBike2.0_臺大管理學院一館,臺大公館校區,25.01436,121.53828
500119093,YouBike2.0_臺大禮賢樓西側,臺大公館校區,25.01467,121.53765
500119094,YouBike2.0_臺大大一女餐廳廣場,臺大公館校區,25.01479,121.53494
500119095,YouBike2.0_臺大學新館,臺大公館校區,25.01944,121.54339
500119096,YouBike2.0_臺大水源舍區C棟,臺大公館校區,25.01547,121.52892
500119097,YouBike2.0_臺大人文館,臺大公館校區,25.0182,121.53476
500119098,YouBike2.0_臺大數學研究中心(東側),臺大公館校區,25.02004,121.53881
